全国地方公共団体コード,ID,地方公共団体名,名称,名称_カナ,所在地_全国地方公共団体コード,町字ID,所在地,所在地_都道府県,所在地_市区町村,所在地_町字,所在地_番地以下,建物名等(方書),緯度,経度,高度の種別,高度の値,設置位置,電話番号,内線番号,郵便番号,法人番号,団体名,月曜日,火曜日,水曜日,木曜日,金曜日,土曜日,日曜日,祝日,利用可能日時特記事項,小児対応設備の有無,URL
382027,1,愛媛県今治市,清水公民館,シミズコウミンカン,382027,222000,愛媛県今治市四村93-2,愛媛県,今治市,四村,93-2,,34.03364,132.98644,階数,1,1階フロアー,,,7940862,3000020382027,今治市,,,,,,,,,,,https://meqqe.jp/spots/10356959
382027,2,愛媛県今治市,富田公民館,トミタコウミンカン,382027,408,愛媛県今治市上徳甲393-3,愛媛県,今治市,上徳,甲393-3,,34.03325,133.01218,階数,1,1階事務所受付カウンター横,,,7991511,3000020382027,今治市,,,,,,,,,,,https://meqqe.jp/spots/10356958
382027,3,愛媛県今治市,桜井公民館,サクライコウミンカン,382027,95003,愛媛県今治市桜井三丁目6-8,愛媛県,今治市,桜井三丁目,6-8,,34.01855,133.03559,,,玄関ホール内(玄関に入って左壁に移設),,,7991522,3000020382027,今治市,,,,,,,,,,,https://meqqe.jp/spots/10356957
382027,4,愛媛県今治市,波方公民館,ナミカタコウミンカン,382027,154000,愛媛県今治市波方町樋口250,愛媛県,今治市,波方町樋口,250,,34.09783,132.95213,階数,1,1Fロビー(正面自動ドアを入って左側),,,7992102,3000020382027,今治市,,,,,,,,,,,https://meqqe.jp/spots/10356956
382027,5,愛媛県今治市,常盤公民館,トキワコウミンカン,382027,191002,愛媛県今治市南日吉町二丁目2-9,愛媛県,今治市,南日吉町二丁目,2-9,,34.05734,132.99337,,,事務所前,,,7940056,3000020382027,今治市,,,,,,,,,,,https://meqqe.jp/spots/10356955
382027,6,愛媛県今治市,中央公民館,チュウオウコウミンカン,382027,192001,愛媛県今治市南宝来町一丁目6-1,愛媛県,今治市,南宝来町一丁目,6-1,,34.06227,132.99779,階数,1,1F事務室受付カウンター右,,,7940043,3000020382027,今治市,,,,,,,,,,,https://meqqe.jp/spots/10356954
382027,7,愛媛県今治市,大三島少年自然の家,オオミシマショウネンシゼンノイエ,382027,37000,愛媛県今治市大三島町肥海4762-1,愛媛県,今治市,大三島町肥海,4762-1,,34.26849,132.98319,,,事務室前,,,7941301,3000020382027,今治市,,,,,,,,,,,https://meqqe.jp/spots/10356953
382027,8,愛媛県今治市,朝倉ふれあい交流センター,アサクラフレアイコウリュウセンター,382027,4000,愛媛県今治市朝倉下乙104-2,愛媛県,今治市,朝倉下,乙104-2,,34.00034,133.00625,,,玄関,,,7991603,3000020382027,今治市,,,,,,,,,,,https://meqqe.jp/spots/10356952
382027,9,愛媛県今治市,上浦開発総合センター,カミウラカイハツソウゴウセンター,382027,46000,愛媛県今治市上浦町井口5931-1,愛媛県,今治市,上浦町井口,5931-1,,34.26334,133.03739,階数,1,1F事務室前ロビー,,,7941402,3000020382027,今治市,,,,,,,,,,,https://meqqe.jp/spots/10356951
382027,10,愛媛県今治市,サン・アビリティーズ今治,サン・アビリティーズイマバリ,382027,73002,愛媛県今治市喜田村二丁目1-10,愛媛県,今治市,喜田村二丁目,1-10,,34.04845,133.01831,階数,1,1階 体育室入口横,,,7991502,3000020382027,今治市,,,,,,,,,,,https://meqqe.jp/spots/10356950
382027,11,愛媛県今治市,鈍川せせらぎ交流館,ニブカワセセラギコウリュウカン,382027,125000,愛媛県今治市玉川町鈍川甲218-1,愛媛県,今治市,玉川町鈍川,甲218-1,,33.98487,132.94045,階数,1,1階ロビー,,,7940121,3000020382027,今治市,,,,,,,,,,,https://meqqe.jp/spots/10356949
382027,12,愛媛県今治市,多々羅キャンプ場,タタラキャンプジョウ,382027,46000,愛媛県今治市上浦町井口7523,愛媛県,今治市,上浦町井口,7523,,34.25775,133.05232,,,管理棟内,,,7941402,3000020382027,今治市,,,,,,,,,,,https://meqqe.jp/spots/10356948
382027,13,愛媛県今治市,マーレ・グラッシア大三島,マーレ・グラッシアオオミシマ,382027,38000,愛媛県今治市大三島町宮浦5902,愛媛県,今治市,大三島町宮浦,5902,,34.241572,132.993868,,,事務所左斜め前壁面 廊下,,,7941304,3000020382027,今治市,,,,,,,,,,,https://meqqe.jp/spots/10356947
382027,14,愛媛県今治市,伯方体育センター,ハカタタイイクセンター,382027,166000,愛媛県今治市伯方町叶浦甲1688-29,愛媛県,今治市,伯方町叶浦,甲1688-29,,34.203262,133.07444,,,体育センター入口横,,,7942302,3000020382027,今治市,,,,,,,,,,,https://meqqe.jp/spots/10356977
382027,15,愛媛県今治市,老人ふれあいの家,ロウジンフレアイノイエ,382027,183000,愛媛県今治市町谷甲465-1,愛媛県,今治市,町谷,甲465-1,,34.02168,133.00049,,,事務所,,,7991514,3000020382027,今治市,,,,,,,,,,,https://meqqe.jp/spots/10356975
382027,16,愛媛県今治市,大三島公民館,オオミシマコウミンカン,382027,38000,愛媛県今治市大三島町宮浦5708,愛媛県,今治市,大三島町宮浦,5708,,34.24889,132.99526,階数,1,1階ロビー,,,7941304,3000020382027,今治市,,,,,,,,,,,https://meqqe.jp/spots/10356974
382027,17,愛媛県今治市,関前支所,セキゼンシショ,382027,102000,愛媛県今治市関前岡村甲732,愛媛県,今治市,関前岡村,甲732,,34.18397,132.88273,,,玄関カウンター左柱,,,7941101,3000020382027,今治市,,,,,,,,,,,https://meqqe.jp/spots/10356973
382027,18,愛媛県今治市,大三島支所,オオミシマシショ,382027,38000,愛媛県今治市大三島町宮浦5708,愛媛県,今治市,大三島町宮浦,5708,,34.24893,132.99583,階数,1,庁舎1階 ロビー左奥の柱,,,7941304,3000020382027,今治市,,,,,,,,,,,https://meqqe.jp/spots/10356972
382027,19,愛媛県今治市,上浦支所,カミウラシショ,382027,46000,愛媛県今治市上浦町井口6605,愛媛県,今治市,上浦町井口,6605,,34.26342,133.04017,階数,1,庁舎1階 ロビー入口左手前の柱,,,7941402,3000020382027,今治市,,,,,,,,,,,https://meqqe.jp/spots/10356971
382027,20,愛媛県今治市,宮窪支所,ミヤクボシショ,382027,198000,愛媛県今治市宮窪町宮窪2668,愛媛県,今治市,宮窪町宮窪,2668,,34.17293,133.07568,階数,1,1階 ロビー入って左側壁面,,,7942203,3000020382027,今治市,,,,,,,,,,,https://meqqe.jp/spots/10356969
382027,21,愛媛県今治市,吉海支所,ヨシウミシショ,382027,221000,愛媛県今治市吉海町八幡137,愛媛県,今治市,吉海町八幡,137,,34.14525,133.04319,階数,1,1階 ロビー,,,7942110,3000020382027,今治市,,,,,,,,,,,https://meqqe.jp/spots/10356968
382027,22,愛媛県今治市,菊間支所,キクマシショ,382027,65000,愛媛県今治市菊間町浜840,愛媛県,今治市,菊間町浜,840,,34.03414,132.84217,階数,1,1階 正面玄関 右側,,,7992303,3000020382027,今治市,,,,,,,,,,,https://meqqe.jp/spots/10356967
382027,23,愛媛県今治市,大西支所,オオニシシショ,382027,27000,愛媛県今治市大西町宮脇甲506-1,愛媛県,今治市,大西町宮脇,甲506-1,,34.06033,132.92533,階数,1,1階 正面玄関入って右側柱,,,7992205,3000020382027,今治市,,,,,,,,,,,https://meqqe.jp/spots/10356966
382027,24,愛媛県今治市,玉川支所,タマガワシショ,382027,120000,愛媛県今治市玉川町三反地甲10,愛媛県,今治市,玉川町三反地,甲10,,34.01916,132.94161,階数,1,1階 玄関左,,,7940101,3000020382027,今治市,,,,,,,,,,,https://meqqe.jp/spots/10356965
382027,25,愛媛県今治市,朝倉支所,アサクラシショ,382027,3000,愛媛県今治市朝倉北甲397,愛媛県,今治市,朝倉北,甲397,,33.99597,133.02192,階数,1,1階 正面玄関入って右側,,,7991604,3000020382027,今治市,,,,,,,,,,,https://meqqe.jp/spots/10356964
382027,26,愛媛県今治市,今治市役所,イマバリシヤクショ,382027,179001,愛媛県今治市別宮町一丁目4-1,愛媛県,今治市,別宮町一丁目,4-1,,34.06629,132.99779,,,本館1階 総合受付横,,,7940026,3000020382027,今治市,,,,,,,,,,,https://meqqe.jp/spots/10356963
382027,27,愛媛県今治市,波止浜公民館,ハシハマコウミンカン,382027,97001,愛媛県今治市地堀一丁目3-47,愛媛県,今治市,地堀一丁目,3-47,,34.10594,132.96609,階数,1,1階事務所入口,,,7992117,3000020382027,今治市,,,,,,,,,,,https://meqqe.jp/spots/10356962
382027,28,愛媛県今治市,乃万公民館,ノマコウミンカン,382027,19000,愛媛県今治市延喜甲237-5,愛媛県,今治市,延喜,甲237-5,,34.06499,132.95873,,,事務所内,,,7940084,3000020382027,今治市,,,,,,,,,,,https://meqqe.jp/spots/10356961
382027,29,愛媛県今治市,日高公民館,ヒダカコウミンカン,382027,80004,愛媛県今治市小泉四丁目11-28,愛媛県,今治市,小泉四丁目,11-28,,34.04731,132.97952,階数,1,1階ホール,,,7940064,3000020382027,今治市,,,,,,,,,,,https://meqqe.jp/spots/10356960
382027,30,愛媛県今治市,玉川総合公園運動場,タマガワソウゴウコウエンウンドウジョウ,382027,121000,愛媛県今治市玉川町摺木甲108,愛媛県,今治市,玉川町摺木,甲108,,34.02247,132.93565,,,多目的体育館 事務所内,,,7940104,3000020382027,今治市,,,,,,,,,,,https://meqqe.jp/spots/10356997
382027,31,愛媛県今治市,クアハウス今治,クアハウスイマバリ,382027,207000,愛媛県今治市湯ノ浦36,愛媛県,今治市,湯ノ浦,36,,33.99414,133.05334,階数,3,3Fプール監視・救護室 テーブル上,,,7991525,3000020382027,今治市,,,,,,,,,,,https://meqqe.jp/spots/10356996
382027,32,愛媛県今治市,クアハウス今治,クアハウスイマバリ,382027,207000,愛媛県今治市湯ノ浦36,愛媛県,今治市,湯ノ浦,36,,33.99432,133.05349,,,玄関入口 ロビー右壁面,,,7991525,3000020382027,今治市,,,,,,,,,,,https://meqqe.jp/spots/10356995
382027,33,愛媛県今治市,関前岡村診療所,セキゼンオカムラシンリョウジョ,382027,102000,愛媛県今治市関前岡村甲18-2,愛媛県,今治市,関前岡村,甲18-2,,34.18503,132.88512,,,玄関入口 風除室 左壁面,,,7941101,3000020382027,今治市,,,,,,,,,,,https://meqqe.jp/spots/10356994
382027,34,愛媛県今治市,玉川総合公園運動場,タマガワソウゴウコウエンウンドウジョウ,382027,121000,愛媛県今治市玉川町摺木甲108,愛媛県,今治市,玉川町摺木,甲108,,34.02243,132.93563,,,多目的体育館 事務所前,,,7940104,3000020382027,今治市,,,,,,,,,,,https://meqqe.jp/spots/10356993
382027,35,愛媛県今治市,菊間緑の広場公園運動場,キクマミドリノヒロバコウエンウンドウジョウ,382027,55000,愛媛県今治市菊間町池原1691-1,愛媛県,今治市,菊間町池原,1691-1,,34.03126,132.86189,,,総合体育館 事務所内,,,7992304,3000020382027,今治市,,,,,,,,,,,https://meqqe.jp/spots/10356992
382027,36,愛媛県今治市,玉川艇庫,タマガワテイコ,382027,133000,愛媛県今治市玉川町龍岡下乙17-1,愛媛県,今治市,玉川町龍岡下,乙17-1,,33.99249,132.91501,,,シャッター(1)左側,,,7940123,3000020382027,今治市,,,,,,,,,,,https://meqqe.jp/spots/10356991
382027,37,愛媛県今治市,波方公園体育館,ナミカタコウエンタイイクカン,382027,154000,愛媛県今治市波方町樋口乙730,愛媛県,今治市,波方町樋口,乙730,,34.10199,132.94971,,,玄関ロビー,,,7992102,3000020382027,今治市,,,,,,,,,,,https://meqqe.jp/spots/10356990
382027,38,愛媛県今治市,桜井スポーツランド,サクライスポーツランド,382027,95000,愛媛県今治市桜井甲1054-3,愛媛県,今治市,桜井,甲1054-3,,34.00971,133.04862,,,管理事務所,,,7991524,3000020382027,今治市,,,,,,,,,,,https://meqqe.jp/spots/10356989
382027,39,愛媛県今治市,今治市営球場,イマバリシエイキュウジョウ,382027,20005,愛媛県今治市大新田町五丁目111-7,愛媛県,今治市,大新田町五丁目,111-7,,34.07966,132.98947,,,玄関,,,7940005,3000020382027,今治市,,,,,,,,,,,https://meqqe.jp/spots/10356988
382027,40,愛媛県今治市,桜井海浜ふれあい広場,サクライカイヒンフレアイヒロバ,382027,95000,愛媛県今治市桜井1130-2,愛媛県,今治市,桜井,1130-2,,34.00521,133.0511,,,クラブハウス,,,7991524,3000020382027,今治市,,,,,,,,,,,https://meqqe.jp/spots/10356987
382027,41,愛媛県今治市,今治市中央体育館,イマバリシチュウオウタイイクカン,382027,179006,愛媛県今治市別宮町六丁目2-2,愛媛県,今治市,別宮町六丁目,2-2,,34.07251,132.99318,,,事務所前下駄箱台,,,7940026,3000020382027,今治市,,,,,,,,,,,https://meqqe.jp/spots/10356986
382027,42,愛媛県今治市,朝倉B&G海洋センター(プール),アサクラB&Gカイヨウセンター(プール),382027,4000,愛媛県今治市朝倉下乙104-2,愛媛県,今治市,朝倉下,乙104-2,,34.00069,133.00705,,,玄関ロビー,,,7991603,3000020382027,今治市,,,,,,,,,,,https://meqqe.jp/spots/10356985
382027,43,愛媛県今治市,しまなみドーム(上浦多々羅スポーツ公園運動場),シマナミドーム(カミウラタタラスポーツコウエンウンドウジョウ),382027,46000,愛媛県今治市上浦町井口7074-20,愛媛県,今治市,上浦町井口,7074-20,,34.26121,133.04708,,,正面玄関奥,,,7941402,3000020382027,今治市,,,,,,,,,,,https://meqqe.jp/spots/10356984
382027,44,愛媛県今治市,大西体育館,オオニシタイイクカン,382027,24000,愛媛県今治市大西町新町797,愛媛県,今治市,大西町新町,797,,34.06454,132.92536,,,競技場入口,,,7992203,3000020382027,今治市,,,,,,,,,,,https://meqqe.jp/spots/10356983
382027,45,愛媛県今治市,宮窪石文化運動公園,ミヤクボイシブンカウンドウコウエン,382027,198000,愛媛県今治市宮窪町宮窪3543,愛媛県,今治市,宮窪町宮窪,3543,,34.16124,133.07163,,,みやくぼ石文化交流館,,,7942203,3000020382027,今治市,,,,,,,,,,,https://meqqe.jp/spots/10356982
382027,46,愛媛県今治市,大三島緑の村運動広場,オオミシマミドリノムラウンドウヒロバ,382027,35000,愛媛県今治市大三島町口総1269,愛媛県,今治市,大三島町口総,1269,,34.22071,132.96663,,,管理棟内,,,7941307,3000020382027,今治市,,,,,,,,,,,https://meqqe.jp/spots/10356981
382027,47,愛媛県今治市,宮窪石文化運動公園,ミヤクボイシブンカウンドウコウエン,382027,198000,愛媛県今治市宮窪町宮窪3546,愛媛県,今治市,宮窪町宮窪,3546,,34.15992,133.06961,,,野球場事務所,,,7942203,3000020382027,今治市,,,,,,,,,,,https://meqqe.jp/spots/10356980
382027,48,愛媛県今治市,宮窪石文化運動公園,ミヤクボイシブンカウンドウコウエン,382027,198000,愛媛県今治市宮窪町宮窪3546,愛媛県,今治市,宮窪町宮窪,3546,,34.16054,133.07184,,,石文化伝承館玄関フロア,,,7942203,3000020382027,今治市,,,,,,,,,,,https://meqqe.jp/spots/10356979
382027,49,愛媛県今治市,吉海B&G海洋センター体育館,ヨシウミB&Gカイヨウセンタータイイクカン,382027,216000,愛媛県今治市吉海町福田1290,愛媛県,今治市,吉海町福田,1290,,34.155309,133.04192,,,玄関ホール廊下壁面,,,7942103,3000020382027,今治市,,,,,,,,,,,https://meqqe.jp/spots/10356978
382027,50,愛媛県今治市,波方公園運動場プール,ナミカタコウエンウンドウジョウプール,382027,154000,愛媛県今治市波方町樋口乙730,愛媛県,今治市,波方町樋口,乙730,,34.10434,132.94971,,,事務所,,,7992102,3000020382027,今治市,,,,,,,,,,,https://meqqe.jp/spots/10357016
382027,51,愛媛県今治市,波方公園運動場野球場,ナミカタコウエンウンドウジョウヤキュウジョウ,382027,154000,愛媛県今治市波方町樋口乙730,愛媛県,今治市,波方町樋口,乙730,,34.10389,132.9499,,,野球場バックスタンド 玄関,,,7992102,3000020382027,今治市,,,,,,,,,,,https://meqqe.jp/spots/10357015
382027,52,愛媛県今治市,鹿ノ子プール,カノコプール,382027,183000,愛媛県今治市町谷443-1,愛媛県,今治市,町谷,443-1,,34.020875,132.99941,,,事務所,,,7991514,3000020382027,今治市,,,,,,,,,,,https://meqqe.jp/spots/10357014
382027,53,愛媛県今治市,ところミュージアム大三島,トコロミュージアムオオミシマ,382027,33000,愛媛県今治市大三島町浦戸2362-3,愛媛県,今治市,大三島町浦戸,2362-3,,34.215,132.95219,,,屋外通路壁面,,,7941308,3000020382027,今治市,,,,,,,,,,,https://meqqe.jp/spots/10357013
382027,54,愛媛県今治市,大三島美術館,オオミシマビジュツカン,382027,38000,愛媛県今治市大三島町宮浦9099-1,愛媛県,今治市,大三島町宮浦,9099-1,,34.24913,133.00351,,,受付近くの自動ドア外壁面,,,7941304,3000020382027,今治市,,,,,,,,,,,https://meqqe.jp/spots/10357012
382027,55,愛媛県今治市,村上海賊ミュージアム,ムラカイゾクミュージアム,382027,198000,愛媛県今治市宮窪町宮窪1285,愛媛県,今治市,宮窪町宮窪,1285,,34.16884,133.08744,階数,1,1Fロビー階段側面,,,7942203,3000020382027,今治市,,,,,,,,,,,https://meqqe.jp/spots/10357011
382027,56,愛媛県今治市,大西藤山歴史資料館,オオニシフジヤマレキシシリョウカン,382027,27000,愛媛県今治市大西町宮脇乙579-1,愛媛県,今治市,大西町宮脇,乙579-1,,34.060089,132.92914,,,玄関スペース,,,7992205,3000020382027,今治市,,,,,,,,,,,https://meqqe.jp/spots/10357010
382027,57,愛媛県今治市,朝倉ふるさと美術古墳館,アサクラフルサトビジュツコフンカン,382027,4000,愛媛県今治市朝倉下898,愛媛県,今治市,朝倉下,898,,33.99961,133.00762,階数,1,1階正面玄関,,,7991603,3000020382027,今治市,,,,,,,,,,,https://meqqe.jp/spots/10357009
382027,58,愛媛県今治市,吉海郷土文化センター,ヨシウミキョウドブンカセンター,382027,216000,愛媛県今治市吉海町福田1290,愛媛県,今治市,吉海町福田,1290,,34.155,133.04248,階数,1,1階ロビー 階段右側壁面,,,7942103,3000020382027,今治市,,,,,,,,,,,https://meqqe.jp/spots/10357008
382027,59,愛媛県今治市,今治城,イマバリジョウ,382027,139003,愛媛県今治市通町三丁目1-3,愛媛県,今治市,通町三丁目,1-3,,34.06334,133.00682,,,職員玄関口,,,7940036,3000020382027,今治市,,,,,,,,,,,https://meqqe.jp/spots/10357007
382027,60,愛媛県今治市,河野美術館,コウノビジュツカン,382027,6001,愛媛県今治市旭町一丁目4-8,愛媛県,今治市,旭町一丁目,4-8,,34.06274,132.99898,階数,1,1階玄関ロビー,,,7940042,3000020382027,今治市,,,,,,,,,,,https://meqqe.jp/spots/10357006
382027,61,愛媛県今治市,上浦歴史民俗資料館,カミウラレキシミンゾクシリョウカン,382027,46000,愛媛県今治市上浦町井口7505,愛媛県,今治市,上浦町井口,7505,,34.25571,133.05395,,,受付窓口横,,,7941402,3000020382027,今治市,,,,,,,,,,,https://meqqe.jp/spots/10357005
382027,62,愛媛県今治市,玉川近代美術館,タマガワキンダイビジュツカン,382027,113000,愛媛県今治市玉川町大野甲86-4,愛媛県,今治市,玉川町大野,甲86-4,,34.02204,132.94453,階数,1,1階玄関ロビー,,,7940102,3000020382027,今治市,,,,,,,,,,,https://meqqe.jp/spots/10357004
382027,63,愛媛県今治市,(旧)今治市立上朝小学校,(キュウ)イマバリシリツカミアサショウガッコウ,382027,2000,愛媛県今治市朝倉上甲776-1,愛媛県,今治市,朝倉上,甲776-1,,33.97638,133.00655,,,体育館玄関内の棚,,,7991607,3000020382027,今治市,,,,,,,,,,,https://meqqe.jp/spots/10357003
382027,64,愛媛県今治市,(旧)今治市立城東小学校,(キュウ)イマバリシリツジョウトウショウガッコウ,382027,177004,愛媛県今治市東門町四丁目3-16,愛媛県,今治市,東門町四丁目,3-16,,34.05976,133.01385,,,体育館玄関,,,7940033,3000020382027,今治市,,,,,,,,,,,https://meqqe.jp/spots/10357002
382027,65,愛媛県今治市,(旧)今治市立日吉小学校,(キュウ)イマバリシリツヒヨシショウガッコウ,382027,192001,愛媛県今治市南宝来町一丁目6-1,愛媛県,今治市,南宝来町一丁目,6-1,,34.06182,132.99864,,,体育館玄関,,,7940043,3000020382027,今治市,,,,,,,,,,,https://meqqe.jp/spots/10357001
382027,66,愛媛県今治市,(旧)今治市立美須賀小学校,(キュウ)イマバリシリツミスカショウガッコウ,382027,88001,愛媛県今治市黄金町一丁目9-2,愛媛県,今治市,黄金町一丁目,9-2,,34.06587,133.00355,,,体育館玄関,,,7940037,3000020382027,今治市,,,,,,,,,,,https://meqqe.jp/spots/10357000
382027,67,愛媛県今治市,(旧)今治市立今治小学校,(キュウ)イマバリシリツイマバリショウガッコウ,382027,189002,愛媛県今治市南大門町二丁目5-1,愛媛県,今治市,南大門町二丁目,5-1,,34.06659,132.99552,,,体育館玄関,,,7940027,3000020382027,今治市,,,,,,,,,,,https://meqqe.jp/spots/10356999
382027,68,愛媛県今治市,今治市立中央図書館,イマバリシリツチュウオウトショカン,382027,140005,愛媛県今治市常盤町五丁目203-2,愛媛県,今治市,常盤町五丁目,203-2,,34.06181,132.99442,階数,1,1階総合カウンター横,,,7940015,3000020382027,今治市,,,,,,,,,,,https://meqqe.jp/spots/10356998
382027,69,愛媛県今治市,来島観光休憩所,クルシマカンコウキュウケイジョ,382027,78000,愛媛県今治市来島572,愛媛県,今治市,来島,572,,34.11684,132.96961,,,入口壁面,,,7992121,3000020382027,今治市,,,,,,,,,,,https://meqqe.jp/spots/10357036
382027,70,愛媛県今治市,小島集会所,オシマシュウカイジョ,382027,78000,愛媛県今治市来島小島90,愛媛県,今治市,来島,小島90,,34.12298,132.9783,,,受付カウンター上,,,7992122,3000020382027,今治市,,,,,,,,,,,https://meqqe.jp/spots/10357035
382027,71,愛媛県今治市,関前小大下地区,セキゼンショウオオシタチク,382027,103000,愛媛県今治市関前小大下乙1352-2,愛媛県,今治市,関前小大下,乙1352-2,,34.19036,132.90014,,,住民センター 受付カウンター下,,,7941102,3000020382027,今治市,,,,,,,,,,,https://meqqe.jp/spots/10357034
382027,72,愛媛県今治市,関前大下地区,セキゼンオオシタチク,382027,101000,愛媛県今治市関前大下甲65-1,愛媛県,今治市,関前大下,甲65-1,,34.18847,132.92292,,,住民センター 入口左 壁面,,,7941103,3000020382027,今治市,,,,,,,,,,,https://meqqe.jp/spots/10357033
382027,73,愛媛県今治市,大新田公園,ダイシンデンコウエン,382027,20005,愛媛県今治市大新田町五丁目11-7,愛媛県,今治市,大新田町五丁目,11-7,,34.07869,132.99067,,,管理事務所,,,7940005,3000020382027,今治市,,,,,,,,,,,https://meqqe.jp/spots/10357032
382027,74,愛媛県今治市,国分公民館,コクブコウミンカン,382027,52003,愛媛県今治市唐子台東三丁目23-6,愛媛県,今治市,唐子台東三丁目,23-6,,34.02843,133.03047,階数,1,1階正面玄関トイレ横(屋外),,,7991531,3000020382027,今治市,,,,,,,,,,,https://meqqe.jp/spots/10357031
382027,75,愛媛県今治市,城東公民館,ジョウトウコウミンカン,382027,177004,愛媛県今治市東門町四丁目1-6,愛媛県,今治市,東門町四丁目,1-6,,34.06048,133.01284,階数,1,1階正面玄関ロビー,,,7940033,3000020382027,今治市,,,,,,,,,,,https://meqqe.jp/spots/10357030
382027,76,愛媛県今治市,鳥生公民館,トリウコウミンカン,382027,137001,愛媛県今治市土橋町一丁目8-42,愛媛県,今治市,土橋町一丁目,8-42,,34.04911,133.00387,階数,1,1階図書室前,,,7940815,3000020382027,今治市,,,,,,,,,,,https://meqqe.jp/spots/10357029
382027,77,愛媛県今治市,立花カルチャーセンター,タチバナカルチャーセンター,382027,87002,愛媛県今治市郷六ヶ内町二丁目2-7,愛媛県,今治市,郷六ヶ内町二丁目,2-7,,34.04567,132.99801,階数,1,1階ホール,,,7940825,3000020382027,今治市,,,,,,,,,,,https://meqqe.jp/spots/10357028
382027,78,愛媛県今治市,近見公民館,チカミコウミンカン,382027,187001,愛媛県今治市湊町一丁目1-39,愛媛県,今治市,湊町一丁目,1-39,,34.08606,132.98962,,,玄関ホール,,,7940003,3000020382027,今治市,,,,,,,,,,,https://meqqe.jp/spots/10357027
382027,79,愛媛県今治市,別宮公民館,ベックコウミンカン,382027,106004,愛媛県今治市大正町四丁目2-7,愛媛県,今治市,大正町四丁目,2-7,,34.07128,132.99614,階数,1,1階玄関(屋内),,,7940025,3000020382027,今治市,,,,,,,,,,,https://meqqe.jp/spots/10357026
382027,80,愛媛県今治市,日吉公民館,ヒヨシコウミンカン,382027,100004,愛媛県今治市末広町四丁目6-2,愛媛県,今治市,末広町四丁目,6-2,,34.05928,133.00595,階数,1,1階ホール,,,7940038,3000020382027,今治市,,,,,,,,,,,https://meqqe.jp/spots/10357025
382027,81,愛媛県今治市,美須賀コミュニティプラザ,ミスカコミュニティプラザ,382027,201001,愛媛県今治市室屋町一丁目2-5,愛媛県,今治市,室屋町一丁目,2-5,,34.06795,133.00186,階数,1,1階正面玄関(屋外),,,7940022,3000020382027,今治市,,,,,,,,,,,https://meqqe.jp/spots/10357024
382027,82,愛媛県今治市,今治公民館,イマバリコウミンカン,382027,71003,愛媛県今治市北宝来町三丁目2-9,愛媛県,今治市,北宝来町三丁目,2-9,,34.06692,132.99341,階数,1,1階ホール受付横,,,7940028,3000020382027,今治市,,,,,,,,,,,https://meqqe.jp/spots/10357023
382027,83,愛媛県今治市,旧亀岡学習センター,キュウカメオカガクシュウセンター,382027,59000,愛媛県今治市菊間町佐方2136,愛媛県,今治市,菊間町佐方,2136,,34.0538,132.87471,,,正面玄関右側柱,,,7992301,3000020382027,今治市,,,,,,,,,,,https://meqqe.jp/spots/10357022
382027,84,愛媛県今治市,関前開発総合センター,セキゼンカイハツソウゴウセンター,382027,102000,愛媛県今治市関前岡村2-5,愛媛県,今治市,関前岡村,2-5,,34.18422,132.88595,,,事務所窓口右横,,,7941101,3000020382027,今治市,,,,,,,,,,,https://meqqe.jp/spots/10357021
382027,85,愛媛県今治市,吉海学習交流館,ヨシウミガクシュウコウリュウカン,382027,221000,愛媛県今治市吉海町八幡137,愛媛県,今治市,吉海町八幡,137,,34.14572,133.04281,,,玄関ロビー,,,7942110,3000020382027,今治市,,,,,,,,,,,https://meqqe.jp/spots/10357020
382027,86,愛媛県今治市,吉海B&G海洋センター,ヨシウミB&Gカイヨウセンター,382027,216000,愛媛県今治市吉海町福田1290,愛媛県,今治市,吉海町福田,1290,,34.155284,133.04185,,,艇庫 体育館事務所,,,7942103,3000020382027,今治市,,,,,,,,,,,https://meqqe.jp/spots/10357019
382027,87,愛媛県今治市,波方公園運動場武道場,ナミカタコウエンウンドウジョウブドウジョウ,382027,154000,愛媛県今治市波方町樋口乙730,愛媛県,今治市,波方町樋口,乙730,,34.104177,132.9501,,,玄関ロビー,,,7992102,3000020382027,今治市,,,,,,,,,,,https://meqqe.jp/spots/10357018
382027,88,愛媛県今治市,波方公園運動場庭球場,ナミカタコウエンウンドウジョウテイキュウジョウ,382027,154000,愛媛県今治市波方町樋口乙730,愛媛県,今治市,波方町樋口,乙730,,34.104206,132.95016,,,武道場事務所内,,,7992102,3000020382027,今治市,,,,,,,,,,,https://meqqe.jp/spots/10357017
382027,89,愛媛県今治市,今治育成園,イマバリイクセイエン,382027,183000,愛媛県今治市町谷746,愛媛県,今治市,町谷,746,,34.01111,133.00651,,,玄関内,,,7991514,3000020382027,今治市,,,,,,,,,,,https://meqqe.jp/spots/10357056
382027,90,愛媛県今治市,しまなみアースランド(今治西部丘陵公園),シマナミアースランド(イマバリセイブキュウリョウコウエン),382027,84002,愛媛県今治市高地町二丁目乙429-1,愛媛県,今治市,高地町二丁目,乙429-1,,34.07317,132.97252,,,学習棟入口左,,,7940051,3000020382027,今治市,,,,,,,,,,,https://meqqe.jp/spots/10357055
382027,91,愛媛県今治市,今治エコステーション,イマバリエコステーション,382027,183000,愛媛県今治市町谷甲475-1,愛媛県,今治市,町谷,甲475-1,,34.02088,133.00129,,,事務所内,,,7991514,3000020382027,今治市,,,,,,,,,,,https://meqqe.jp/spots/10357054
382027,92,愛媛県今治市,伯方農村環境改善センター,ハカタノウソンカンキョウカイゼンセンター,382027,167000,愛媛県今治市伯方町北浦2174-1,愛媛県,今治市,伯方町北浦,2174-1,,34.22623,133.09475,階数,1,1階正面玄関,,,7942304,3000020382027,今治市,,,,,,,,,,,https://meqqe.jp/spots/10357053
382027,93,愛媛県今治市,今治市さざなみ園,イマバリシサザナミエン,382027,38000,愛媛県今治市大三島町宮浦336,愛媛県,今治市,大三島町宮浦,336,,34.24952,133.00231,階数,1,1階 玄関内,,,7941304,3000020382027,今治市,,,,,,,,,,,https://meqqe.jp/spots/10357052
382027,94,愛媛県今治市,今治市ひよこ園,イマバリシヒヨコエン,382027,9004,愛媛県今治市石井町四丁目3-53,愛媛県,今治市,石井町四丁目,3-53,,34.08528,132.98531,階数,1,1階 職員室内の医務室,,,7940006,3000020382027,今治市,,,,,,,,,,,https://meqqe.jp/spots/10357051
382027,95,愛媛県今治市,大翔苑,ダイショウエン,382027,38000,愛媛県今治市大三島町宮浦1609,愛媛県,今治市,大三島町宮浦,1609,,34.25687,133.01763,,,エントランスホール正面,,,7941304,3000020382027,今治市,,,,,,,,,,,https://meqqe.jp/spots/10357050
382027,96,愛媛県今治市,伯方斎場,ハカタサイジョウ,382027,168000,愛媛県今治市伯方町木浦1003-2,愛媛県,今治市,伯方町木浦,1003-2,,34.20393,133.10681,,,待合棟待合ロビー右壁面,,,7942305,3000020382027,今治市,,,,,,,,,,,https://meqqe.jp/spots/10357049
382027,97,愛媛県今治市,ふじさき苑,フジサキエン,382027,215000,愛媛県今治市吉海町仁江3217,愛媛県,今治市,吉海町仁江,3217,,34.14648,133.04751,,,エントランスホール正面,,,7942104,3000020382027,今治市,,,,,,,,,,,https://meqqe.jp/spots/10357048
382027,98,愛媛県今治市,燧風苑,スイフウエン,382027,203001,愛媛県今治市山方町一丁目45,愛媛県,今治市,山方町一丁目,45,,34.06544,132.98026,,,エントランスホール左奥壁面,,,7940053,3000020382027,今治市,,,,,,,,,,,https://meqqe.jp/spots/10357047
382027,99,愛媛県今治市,今治市岩田健母と子のミュージアム,イマバリシイワタケンハハトコノミュージアム,382027,39000,愛媛県今治市大三島町宗方5208-2,愛媛県,今治市,大三島町宗方,5208-2,,34.19455,132.95412,,,手洗い場下,,,7941309,3000020382027,今治市,,,,,,,,,,,https://meqqe.jp/spots/10357046
382027,100,愛媛県今治市,今治市伊東豊雄建築ミュージアム,イマバリシイトウトヨオケンチクミュージアム,382027,33000,愛媛県今治市大三島町浦戸2418,愛媛県,今治市,大三島町浦戸,2418,,34.21387,132.95045,,,ティンバーハット入口,,,7941308,3000020382027,今治市,,,,,,,,,,,https://meqqe.jp/spots/10357045
382027,101,愛媛県今治市,御厩プール,オンマヤプール,382027,177003,愛媛県今治市東門町三丁目2-2,愛媛県,今治市,東門町三丁目,2-2,,34.06124,133.01256,,,プール事務所,,,7940033,3000020382027,今治市,,,,,,,,,,,https://meqqe.jp/spots/10357044
382027,102,愛媛県今治市,菊間コミュニティーホール,キクマコミュニティーホール,382027,65000,愛媛県今治市菊間町浜812,愛媛県,今治市,菊間町浜,812,,34.03381,132.84132,,,コミュニティーホール入口,,,7992303,3000020382027,今治市,,,,,,,,,,,https://meqqe.jp/spots/10357043
382027,103,愛媛県今治市,富田海浜プール,トミタカイヒンプール,382027,73005,愛媛県今治市喜田村五丁目1073番地先,愛媛県,今治市,喜田村五丁目,1073番地先,,34.04672,133.02812,,,プール事務所,,,7991503,3000020382027,今治市,,,,,,,,,,,https://meqqe.jp/spots/10357042
382027,104,愛媛県今治市,玉川総合公園多目的体育館多目的広場,タマガワソウゴウコウエンタモクテキタイイクカンタモクテキヒロバ,382027,121000,愛媛県今治市玉川町摺木108,愛媛県,今治市,玉川町摺木,108,,34.022478,132.93565,,,事務所内,,,7940104,3000020382027,今治市,,,,,,,,,,,https://meqqe.jp/spots/10357041
382027,105,愛媛県今治市,吉海B&G海洋センタープール,ヨシウミB&Gカイヨウセンタープール,382027,216000,愛媛県今治市吉海町福田1290,愛媛県,今治市,吉海町福田,1290,,34.15496,133.04161,,,事務所内,,,7942103,3000020382027,今治市,,,,,,,,,,,https://meqqe.jp/spots/10357040
382027,106,愛媛県今治市,津島集会所(吉海),ツシマシュウカイジョ(ヨシウミ),382027,212000,愛媛県今治市吉海町津島219,愛媛県,今治市,吉海町津島,219,,34.15354,133.00606,階数,1,1階玄関内右,,,7942119,3000020382027,今治市,,,,,,,,,,,https://meqqe.jp/spots/10357039
382027,107,愛媛県今治市,鵜島港待合室(宮窪),ウシマコウマチアイシツ(ミヤクボ),382027,198000,愛媛県今治市宮窪町宮窪鵜島6789,愛媛県,今治市,宮窪町宮窪,鵜島6789,,34.18339,133.08772,階数,1,1階待合室内右,,,7942203,3000020382027,今治市,,,,,,,,,,,https://meqqe.jp/spots/10357038
382027,108,愛媛県今治市,馬島集会所,ウマシマシュウカイジョ,382027,16000,愛媛県今治市馬島1006,愛媛県,今治市,馬島,1006,,34.11639,132.99102,,,入口入って左棚上,,,7992123,3000020382027,今治市,,,,,,,,,,,https://meqqe.jp/spots/10357037
382027,109,愛媛県今治市,城東保育所,ジョウトウホイクショ,382027,186004,愛媛県今治市美須賀町四丁目1-48,愛媛県,今治市,美須賀町四丁目,1-48,,34.05942,133.01158,,,事務室入り口横,,,7940034,3000020382027,今治市,,,,,,,,,,,https://meqqe.jp/spots/10357060
382027,110,愛媛県今治市,吉海認定こども園,ヨシウミニンテイコドモエン,382027,221000,愛媛県今治市吉海町八幡56,愛媛県,今治市,吉海町八幡,56,,34.14697,133.04514,,,玄関入口,,,7942110,3000020382027,今治市,,,,,,,,,,,https://meqqe.jp/spots/10357059
382027,111,愛媛県今治市,今治市障害者福祉センターのぞみ苑,イマバリシショウガイシャフクシセンターノゾミエン,382027,9004,愛媛県今治市石井町四丁目669-1,愛媛県,今治市,石井町四丁目,669-1,,34.08489,132.98568,,,玄関内,,,7940006,3000020382027,今治市,,,,,,,,,,,https://meqqe.jp/spots/10357058
382027,112,愛媛県今治市,今治市障害者地域活動支援センター(ときめき),イマバリシショウガイシャチイキカツドウシエンセンター(トキメキ),382027,138002,愛媛県今治市天保山町二丁目2-1,愛媛県,今治市,天保山町二丁目,2-1,,34.06742,133.00989,,,玄関内受付横,,,7940032,3000020382027,今治市,,,,,,,,,,,https://meqqe.jp/spots/10357057
382027,113,愛媛県今治市,養護老人ホーム清流園,ヨウゴロウジンホームセイリュウエン,382027,3000,愛媛県今治市朝倉北甲497,愛媛県,今治市,朝倉北,甲497,,33.99791,133.02295,階数,1,1階 C棟(梅)入口廊下の壁,,,7991604,3000020382027,今治市,,,,,,,,,,,https://meqqe.jp/spots/10357073
382027,114,愛媛県今治市,伯方認定こども園,ハカタニンテイコドモエン,382027,168000,愛媛県今治市伯方町木浦1200-1,愛媛県,今治市,伯方町木浦,1200-1,,34.20564,133.11211,,,玄関入ってすぐ左(ホール内),,,7942305,3000020382027,今治市,,,,,,,,,,,https://meqqe.jp/spots/10357072
382027,115,愛媛県今治市,菊間保育所,キクマホイクショ,382027,62000,愛媛県今治市菊間町長坂1999,愛媛県,今治市,菊間町長坂,1999,,34.03265,132.84478,,,玄関入ってすぐ左(ホール内),,,7992310,3000020382027,今治市,,,,,,,,,,,https://meqqe.jp/spots/10357071
382027,116,愛媛県今治市,九和保育所,クワホイクショ,382027,113000,愛媛県今治市玉川町大野甲86-3,愛媛県,今治市,玉川町大野,甲86-3,,34.02113,132.94397,,,玄関入ってすぐ右(ホール内),,,7940102,3000020382027,今治市,,,,,,,,,,,https://meqqe.jp/spots/10357070
382027,117,愛媛県今治市,スポーツパーク,スポーツパーク,382027,109000,愛媛県今治市高橋ふれあいの丘1-2,愛媛県,今治市,高橋ふれあいの丘,1-2,,34.04195,132.95721,,,事務所前,,,7940067,3000020382027,今治市,,,,,,,,,,,https://meqqe.jp/spots/10357069
382027,118,愛媛県今治市,大三島認定こども園,オオミシマニンテイコドモエン,382027,31000,愛媛県今治市大三島町明日2493-1,愛媛県,今治市,大三島町明日,2493-1,,34.25136,132.99733,,,入り口のホールに面した遊戯室の壁,,,7941303,3000020382027,今治市,,,,,,,,,,,https://meqqe.jp/spots/10357068
382027,119,愛媛県今治市,宮窪認定こども園,ミヤクボニンテイコドモエン,382027,198000,愛媛県今治市宮窪町宮窪2901,愛媛県,今治市,宮窪町宮窪,2901,,34.17123,133.07514,,,玄関入ってすぐ左(ホール内),,,7942203,3000020382027,今治市,,,,,,,,,,,https://meqqe.jp/spots/10357067
382027,120,愛媛県今治市,亀岡保育所,カメオカホイクショ,382027,59000,愛媛県今治市菊間町佐方490,愛媛県,今治市,菊間町佐方,490,,34.05474,132.87483,,,玄関入ってすぐ右(ホール内),,,7992301,3000020382027,今治市,,,,,,,,,,,https://meqqe.jp/spots/10357066
382027,121,愛媛県今治市,日の出保育所,ヒノデホイクショ,382027,119000,愛媛県今治市玉川町小鴨部233-1,愛媛県,今治市,玉川町小鴨部,233-1,,34.02645,132.96439,,,玄関入ってすぐ左(ホール内),,,7940112,3000020382027,今治市,,,,,,,,,,,https://meqqe.jp/spots/10357065
382027,122,愛媛県今治市,樋口保育所,ヒノクチホイクショ,382027,158000,愛媛県今治市波方町養老1024,愛媛県,今治市,波方町養老,1024,,34.10118,132.94736,,,玄関入ってすぐ左(ホール内),,,7992109,3000020382027,今治市,,,,,,,,,,,https://meqqe.jp/spots/10357064
382027,123,愛媛県今治市,上浦認定こども園,カミウラニンテイコドモエン,382027,46000,愛媛県今治市上浦町井口5931-1,愛媛県,今治市,上浦町井口,5931-1,,34.26357,133.03769,,,玄関ホール,,,7941402,3000020382027,今治市,,,,,,,,,,,https://meqqe.jp/spots/10357063
382027,124,愛媛県今治市,桜井保育所,サクライホイクショ,382027,410,愛媛県今治市登畑40,愛媛県,今治市,登畑,40,,34.02216,133.02196,,,玄関入ってすぐ左(ホール内),,,7991535,3000020382027,今治市,,,,,,,,,,,https://meqqe.jp/spots/10357062
382027,125,愛媛県今治市,鳥生保育所,トリウホイクショ,382027,68003,愛媛県今治市北鳥生町三丁目1-15,愛媛県,今治市,北鳥生町三丁目,1-15,,34.05425,133.00731,,,玄関ホール内,,,7940803,3000020382027,今治市,,,,,,,,,,,https://meqqe.jp/spots/10357061
382027,126,愛媛県今治市,今治市立別宮小学校,イマバリシリツベックショウガッコウ,382027,179005,愛媛県今治市別宮町五丁目1-7,愛媛県,今治市,別宮町五丁目,1-7,,34.07107,132.99265,,,職員室屋外階段出口横,,,7940026,3000020382027,今治市,,,,,,,,,,,https://meqqe.jp/spots/10357092
382027,127,愛媛県今治市,今治市立別宮小学校,イマバリシリツベックショウガッコウ,382027,179005,愛媛県今治市別宮町五丁目1-7,愛媛県,今治市,別宮町五丁目,1-7,,34.071597,132.9925,,,体育館入口内,,,7940026,3000020382027,今治市,,,,,,,,,,,https://meqqe.jp/spots/10357091
382027,128,愛媛県今治市,今治市立吹揚小学校,イマバリシリツフキアゲショウガッコウ,382027,88003,愛媛県今治市黄金町三丁目3,愛媛県,今治市,黄金町三丁目,3,,34.06197,133.00484,,,職員室運動場側出入口(屋外),,,7940037,3000020382027,今治市,,,,,,,,,,,https://meqqe.jp/spots/10357090
382027,129,愛媛県今治市,今治市立吹揚小学校,イマバリシリツフキアゲショウガッコウ,382027,88003,愛媛県今治市黄金町三丁目3,愛媛県,今治市,黄金町三丁目,3,,34.06213,133.00563,,,体育館玄関内,,,7940037,3000020382027,今治市,,,,,,,,,,,https://meqqe.jp/spots/10357089
382027,130,愛媛県今治市,椋名みなと公園,ムクナミナトコウエン,382027,220000,愛媛県今治市吉海町椋名602,愛媛県,今治市,吉海町椋名,602,,34.136808,133.01937,,,公園内トイレ,,,7942113,3000020382027,今治市,,,,,,,,,,,https://meqqe.jp/spots/10357088
382027,131,愛媛県今治市,JFAアカデミー今治,JFAアカデミーイマバリ,382027,2000,愛媛県今治市朝倉上甲776-1,愛媛県,今治市,朝倉上,甲776-1,,33.97598,133.00635,,,玄関口,,,7991607,3000020382027,今治市,,,,,,,,,,,https://meqqe.jp/spots/10357087
382027,132,愛媛県今治市,今治市民活動センター,イマバリシミンカツドウセンター,382027,179008,愛媛県今治市別宮町八丁目1-55,愛媛県,今治市,別宮町八丁目,1-55,,34.07327,132.99072,,,正面玄関ホール 奥の廊下右側,,,7940026,3000020382027,今治市,,,,,,,,,,,https://meqqe.jp/spots/10357086
382027,133,愛媛県今治市,しまなみの駅御島,シマナミノエキミシマ,382027,38000,愛媛県今治市大三島町宮浦3260,愛媛県,今治市,大三島町宮浦,3260,,34.24897,133.00543,,,インフォメーション横(観光案内所),,,7941304,3000020382027,今治市,,,,,,,,,,,https://meqqe.jp/spots/10357085
382027,134,愛媛県今治市,マリンオアシスはかた,マリンオアシスハカタ,382027,166000,愛媛県今治市伯方町叶浦1668-1,愛媛県,今治市,伯方町叶浦,1668-1,,34.20273,133.07548,,,特産品売店レジカウンター奥下,,,7942302,3000020382027,今治市,,,,,,,,,,,https://meqqe.jp/spots/10357084
382027,135,愛媛県今治市,多々羅しまなみ公園,タタラシマナミコウエン,382027,46000,愛媛県今治市上浦町井口9180-2,愛媛県,今治市,上浦町井口,9180-2,,34.254648,133.05427,,,特産品売店レジ背面の棚,,,7941402,3000020382027,今治市,,,,,,,,,,,https://meqqe.jp/spots/10357083
382027,136,愛媛県今治市,よしうみいきいき館,ヨシウミイキイキカン,382027,219000,愛媛県今治市吉海町名4520-2,愛媛県,今治市,吉海町名,4520-2,,34.12746,133.02196,,,正面玄関入口すぐの観潮船乗船受付カウンター背面の棚,,,7942114,3000020382027,今治市,,,,,,,,,,,https://meqqe.jp/spots/10357082
382027,137,愛媛県今治市,「道の駅」今治湯ノ浦温泉,「ミチノエキ」イマバリユノウラオンセン,382027,143000,愛媛県今治市長沢252-2,愛媛県,今治市,長沢,252-2,,33.99286,133.04841,,,レストラン入口右壁面,,,7991527,3000020382027,今治市,,,,,,,,,,,https://meqqe.jp/spots/10357081
382027,138,愛媛県今治市,今治下水浄化センター,イマバリゲスイジョウカセンター,382027,138004,愛媛県今治市天保山町四丁目6-2,愛媛県,今治市,天保山町四丁目,6-2,,34.0634,133.01737,階数,1,1階 正面玄関,,,7940032,3000020382027,今治市,,,,,,,,,,,https://meqqe.jp/spots/10357080
382027,139,愛媛県今治市,常盤保育所,トキワホイクショ,382027,191002,愛媛県今治市南日吉町二丁目2-8,愛媛県,今治市,南日吉町二丁目,2-8,,34.05741,132.99325,,,玄関正面のホール左の壁,,,7940056,3000020382027,今治市,,,,,,,,,,,https://meqqe.jp/spots/10357078
382027,140,愛媛県今治市,日高保育所,ヒダカホイクショ,382027,180000,愛媛県今治市別名549-1,愛媛県,今治市,別名,549-1,,34.04615,132.97512,,,玄関入ってすぐ左(ホール内),,,7940065,3000020382027,今治市,,,,,,,,,,,https://meqqe.jp/spots/10357077
382027,141,愛媛県今治市,富田保育所,トミタホイクショ,382027,408,愛媛県今治市上徳乙287-7,愛媛県,今治市,上徳,乙287-7,,34.03268,133.01234,,,玄関入ってすぐ左(ホール内),,,7991511,3000020382027,今治市,,,,,,,,,,,https://meqqe.jp/spots/10357076
382027,142,愛媛県今治市,乃万保育所,ノマホイクショ,382027,19000,愛媛県今治市延喜365-2,愛媛県,今治市,延喜,365-2,,34.06341,132.95731,,,玄関入ってすぐ左(ホール内),,,7940084,3000020382027,今治市,,,,,,,,,,,https://meqqe.jp/spots/10357075
382027,143,愛媛県今治市,みなと交流センター(はーばりー),ミナトコウリュウセンター(ハーバリー),382027,41001,愛媛県今治市片原町一丁目100-3,愛媛県,今治市,片原町一丁目,100-3,,34.06943,133.00538,階数,1,1階 監視員室(海側)入って右側,,,7940013,3000020382027,今治市,,,,,,,,,,,https://meqqe.jp/spots/10357074
382027,144,愛媛県今治市,今治市立乃万小学校,イマバリシリツノマショウガッコウ,382027,19000,愛媛県今治市延喜甲349,愛媛県,今治市,延喜,甲349,,34.06401,132.95728,,,体育館玄関内,,,7940084,3000020382027,今治市,,,,,,,,,,,https://meqqe.jp/spots/10357112
382027,145,愛媛県今治市,今治市立日高小学校,イマバリシリツヒダカショウガッコウ,382027,180000,愛媛県今治市別名446-2,愛媛県,今治市,別名,446-2,,34.04576,132.97688,,,体育館入口(屋外),,,7940065,3000020382027,今治市,,,,,,,,,,,https://meqqe.jp/spots/10357111
382027,146,愛媛県今治市,今治市立日高小学校,イマバリシリツヒダカショウガッコウ,382027,180000,愛媛県今治市別名446-2,愛媛県,今治市,別名,446-2,,34.04579,132.97601,,,玄関内ロビー,,,7940065,3000020382027,今治市,,,,,,,,,,,https://meqqe.jp/spots/10357110
382027,147,愛媛県今治市,今治市立清水小学校,イマバリシリツシミズショウガッコウ,382027,7000,愛媛県今治市五十嵐甲13-3,愛媛県,今治市,五十嵐,甲13-3,,34.03258,132.98385,,,体育館入り口屋外,,,7940861,3000020382027,今治市,,,,,,,,,,,https://meqqe.jp/spots/10357109
382027,148,愛媛県今治市,今治市立清水小学校,イマバリシリツシミズショウガッコウ,382027,7000,愛媛県今治市五十嵐甲13-3,愛媛県,今治市,五十嵐,甲13-3,,34.03298,132.98448,,,玄関横廊下,,,7940861,3000020382027,今治市,,,,,,,,,,,https://meqqe.jp/spots/10357108
382027,149,愛媛県今治市,今治市立富田小学校,イマバリシリツトミタショウガッコウ,382027,408,愛媛県今治市上徳甲394-4,愛媛県,今治市,上徳,甲394-4,,34.03441,133.01354,,,体育館入口(屋外),,,7991511,3000020382027,今治市,,,,,,,,,,,https://meqqe.jp/spots/10357107
382027,150,愛媛県今治市,今治市立富田小学校,イマバリシリツトミタショウガッコウ,382027,408,愛媛県今治市上徳甲394-4,愛媛県,今治市,上徳,甲394-4,,34.03363,133.01378,,,保健室前廊下,,,7991511,3000020382027,今治市,,,,,,,,,,,https://meqqe.jp/spots/10357106
382027,151,愛媛県今治市,今治市立富田小学校,イマバリシリツトミタショウガッコウ,382027,408,愛媛県今治市上徳甲394-4,愛媛県,今治市,上徳,甲394-4,,34.03411,133.01386,,,職員室前廊下,,,7991511,3000020382027,今治市,,,,,,,,,,,https://meqqe.jp/spots/10357105
382027,152,愛媛県今治市,今治市立国分小学校,イマバリシリツコクブショウガッコウ,382027,178002,愛媛県今治市古国分二丁目7-1,愛媛県,今治市,古国分二丁目,7-1,,34.03272,133.03118,,,玄関口屋外,,,7991521,3000020382027,今治市,,,,,,,,,,,https://meqqe.jp/spots/10357104
382027,153,愛媛県今治市,今治市立国分小学校,イマバリシリツコクブショウガッコウ,382027,178002,愛媛県今治市古国分二丁目7-1,愛媛県,今治市,古国分二丁目,7-1,,34.03321,133.03132,,,体育館ロビー内,,,7991521,3000020382027,今治市,,,,,,,,,,,https://meqqe.jp/spots/10357103
382027,154,愛媛県今治市,今治市立桜井小学校,イマバリシリツサクライショウガッコウ,382027,81001,愛媛県今治市郷桜井一丁目8-26,愛媛県,今治市,郷桜井一丁目,8-26,,34.01615,133.03406,,,体育館北側壁面(屋外),,,7991523,3000020382027,今治市,,,,,,,,,,,https://meqqe.jp/spots/10357102
382027,155,愛媛県今治市,今治市立桜井小学校,イマバリシリツサクライショウガッコウ,382027,81001,愛媛県今治市郷桜井一丁目8-26,愛媛県,今治市,郷桜井一丁目,8-26,,34.01709,133.03422,,,南校舎1階 保健室前廊下,,,7991523,3000020382027,今治市,,,,,,,,,,,https://meqqe.jp/spots/10357101
382027,156,愛媛県今治市,今治市立鳥生小学校,イマバリシリツトリウショウガッコウ,382027,188003,愛媛県今治市南高下町三丁目3-71,愛媛県,今治市,南高下町三丁目,3-71,,34.04902,133.01321,,,プール出口(屋外),,,7940811,3000020382027,今治市,,,,,,,,,,,https://meqqe.jp/spots/10357100
382027,157,愛媛県今治市,今治市立鳥生小学校,イマバリシリツトリウショウガッコウ,382027,188003,愛媛県今治市南高下町三丁目3-71,愛媛県,今治市,南高下町三丁目,3-71,,34.04879,133.01274,,,体育館ロビー,,,7940811,3000020382027,今治市,,,,,,,,,,,https://meqqe.jp/spots/10357099
382027,158,愛媛県今治市,今治市立立花小学校,イマバリシリツタチバナショウガッコウ,382027,112004,愛媛県今治市立花町四丁目3-45,愛媛県,今治市,立花町四丁目,3-45,,34.04781,133.00096,,,児童玄関運動場側(屋外),,,7940821,3000020382027,今治市,,,,,,,,,,,https://meqqe.jp/spots/10357098
382027,159,愛媛県今治市,今治市立立花小学校,イマバリシリツタチバナショウガッコウ,382027,112004,愛媛県今治市立花町四丁目3-45,愛媛県,今治市,立花町四丁目,3-45,,34.04755,133.00101,,,体育館玄関内,,,7940821,3000020382027,今治市,,,,,,,,,,,https://meqqe.jp/spots/10357097
382027,160,愛媛県今治市,今治市立近見小学校,イマバリシリツチカミショウガッコウ,382027,135001,愛媛県今治市近見町一丁目5-1,愛媛県,今治市,近見町一丁目,5-1,,34.08963,132.98595,,,西校舎1階(屋外),,,7940007,3000020382027,今治市,,,,,,,,,,,https://meqqe.jp/spots/10357096
382027,161,愛媛県今治市,今治市立近見小学校,イマバリシリツチカミショウガッコウ,382027,135001,愛媛県今治市近見町一丁目5-1,愛媛県,今治市,近見町一丁目,5-1,,34.09021,132.98591,,,体育館玄関内,,,7940007,3000020382027,今治市,,,,,,,,,,,https://meqqe.jp/spots/10357095
382027,162,愛媛県今治市,今治市立常盤小学校,イマバリシリツトキワショウガッコウ,382027,146002,愛媛県今治市中日吉町二丁目6-55,愛媛県,今治市,中日吉町二丁目,6-55,,34.05973,132.98923,,,運動場・中庭通路(屋外),,,7940055,3000020382027,今治市,,,,,,,,,,,https://meqqe.jp/spots/10357094
382027,163,愛媛県今治市,今治市立常盤小学校,イマバリシリツトキワショウガッコウ,382027,146002,愛媛県今治市中日吉町二丁目6-55,愛媛県,今治市,中日吉町二丁目,6-55,,34.05999,132.98981,,,体育館玄関内,,,7940055,3000020382027,今治市,,,,,,,,,,,https://meqqe.jp/spots/10357093
382027,164,愛媛県今治市,今治市立宮窪小学校,イマバリシリツミヤクボショウガッコウ,382027,198000,愛媛県今治市宮窪町宮窪4765,愛媛県,今治市,宮窪町宮窪,4765,,34.17225,133.07278,階数,1,1階正面玄関ロビー内,,,7942203,3000020382027,今治市,,,,,,,,,,,https://meqqe.jp/spots/10357132
382027,165,愛媛県今治市,今治市立吉海小学校,イマバリシリツヨシウミショウガッコウ,382027,221000,愛媛県今治市吉海町八幡157,愛媛県,今治市,吉海町八幡,157,,34.14493,133.04092,階数,2,2階職員室前(ベランダ),,,7942110,3000020382027,今治市,,,,,,,,,,,https://meqqe.jp/spots/10357131
382027,166,愛媛県今治市,今治市立吉海小学校,イマバリシリツヨシウミショウガッコウ,382027,221000,愛媛県今治市吉海町八幡157,愛媛県,今治市,吉海町八幡,157,,34.14456,133.04142,,,屋内運動場玄関,,,7942110,3000020382027,今治市,,,,,,,,,,,https://meqqe.jp/spots/10357130
382027,167,愛媛県今治市,今治市立菊間小学校,イマバリシリツキクマショウガッコウ,382027,62000,愛媛県今治市菊間町長坂2001,愛媛県,今治市,菊間町長坂,2001,,34.03275,132.84605,,,職員室屋外階段出口横,,,7992310,3000020382027,今治市,,,,,,,,,,,https://meqqe.jp/spots/10357129
382027,168,愛媛県今治市,今治市立菊間小学校,イマバリシリツキクマショウガッコウ,382027,62000,愛媛県今治市菊間町長坂2001,愛媛県,今治市,菊間町長坂,2001,,34.03288,132.84544,,,体育館入口,,,7992310,3000020382027,今治市,,,,,,,,,,,https://meqqe.jp/spots/10357128
382027,169,愛媛県今治市,今治市立亀岡小学校,イマバリシリツカメオカショウガッコウ,382027,60000,愛媛県今治市菊間町種52,愛媛県,今治市,菊間町種,52,,34.05517,132.87352,,,体育館プール側壁面,,,7992302,3000020382027,今治市,,,,,,,,,,,https://meqqe.jp/spots/10357127
382027,170,愛媛県今治市,今治市立亀岡小学校,イマバリシリツカメオカショウガッコウ,382027,60000,愛媛県今治市菊間町種52,愛媛県,今治市,菊間町種,52,,34.05501,132.87291,,,玄関ロビー,,,7992302,3000020382027,今治市,,,,,,,,,,,https://meqqe.jp/spots/10357126
382027,171,愛媛県今治市,今治市立大西小学校,イマバリシリツオオニシショウガッコウ,382027,21000,愛媛県今治市大西町大井浜103,愛媛県,今治市,大西町大井浜,103,,34.06327,132.92267,,,体育館運動場側入口(屋外),,,7992204,3000020382027,今治市,,,,,,,,,,,https://meqqe.jp/spots/10357125
382027,172,愛媛県今治市,今治市立大西小学校,イマバリシリツオオニシショウガッコウ,382027,21000,愛媛県今治市大西町大井浜103,愛媛県,今治市,大西町大井浜,103,,34.06381,132.92286,,,玄関ロビー,,,7992204,3000020382027,今治市,,,,,,,,,,,https://meqqe.jp/spots/10357124
382027,173,愛媛県今治市,今治市立波方小学校,イマバリシリツナミカタショウガッコウ,382027,158000,愛媛県今治市波方町養老803-1,愛媛県,今治市,波方町養老,803-1,,34.10502,132.94617,,,体育館入口(屋外),,,7992109,3000020382027,今治市,,,,,,,,,,,https://meqqe.jp/spots/10357123
382027,174,愛媛県今治市,今治市立波方小学校,イマバリシリツナミカタショウガッコウ,382027,158000,愛媛県今治市波方町養老803-1,愛媛県,今治市,波方町養老,803-1,,34.10484,132.94591,,,南校舎1階運動場出入口,,,7992109,3000020382027,今治市,,,,,,,,,,,https://meqqe.jp/spots/10357122
382027,175,愛媛県今治市,今治市立九和小学校,イマバリシリツクワショウガッコウ,382027,121000,愛媛県今治市玉川町摺木71-1,愛媛県,今治市,玉川町摺木,71-1,,34.02065,132.93871,,,プール入口階段脇(屋外),,,7940104,3000020382027,今治市,,,,,,,,,,,https://meqqe.jp/spots/10357121
382027,176,愛媛県今治市,今治市立九和小学校,イマバリシリツクワショウガッコウ,382027,121000,愛媛県今治市玉川町摺木71-1,愛媛県,今治市,玉川町摺木,71-1,,34.02102,132.93864,,,玄関口,,,7940104,3000020382027,今治市,,,,,,,,,,,https://meqqe.jp/spots/10357120
382027,177,愛媛県今治市,今治市立鴨部小学校,イマバリシリツカンベショウガッコウ,382027,123000,愛媛県今治市玉川町中村574,愛媛県,今治市,玉川町中村,574,,34.02235,132.95672,,,体育館入口(屋外),,,7940111,3000020382027,今治市,,,,,,,,,,,https://meqqe.jp/spots/10357119
382027,178,愛媛県今治市,今治市立鴨部小学校,イマバリシリツカンベショウガッコウ,382027,123000,愛媛県今治市玉川町中村574,愛媛県,今治市,玉川町中村,574,,34.02205,132.95593,階数,1,1階正面玄関内,,,7940111,3000020382027,今治市,,,,,,,,,,,https://meqqe.jp/spots/10357118
382027,179,愛媛県今治市,今治市立朝倉小学校,イマバリシリツアサクラショウガッコウ,382027,3000,愛媛県今治市朝倉北甲281,愛媛県,今治市,朝倉北,甲281,,33.99832,133.01619,,,体育館入口(屋外),,,7991604,3000020382027,今治市,,,,,,,,,,,https://meqqe.jp/spots/10357117
382027,180,愛媛県今治市,今治市立朝倉小学校,イマバリシリツアサクラショウガッコウ,382027,3000,愛媛県今治市朝倉北甲281,愛媛県,今治市,朝倉北,甲281,,33.99848,133.01657,,,職員玄関口,,,7991604,3000020382027,今治市,,,,,,,,,,,https://meqqe.jp/spots/10357116
382027,181,愛媛県今治市,今治市立波止浜小学校,イマバリシリツハシハマショウガッコウ,382027,97001,愛媛県今治市地堀一丁目3-40,愛媛県,今治市,地堀一丁目,3-40,,34.10591,132.96511,,,運動場側玄関(屋外),,,7992117,3000020382027,今治市,,,,,,,,,,,https://meqqe.jp/spots/10357115
382027,182,愛媛県今治市,今治市立波止浜小学校,イマバリシリツハシハマショウガッコウ,382027,97001,愛媛県今治市地堀一丁目3-40,愛媛県,今治市,地堀一丁目,3-40,,34.10594,132.96568,,,体育館玄関内,,,7992117,3000020382027,今治市,,,,,,,,,,,https://meqqe.jp/spots/10357114
382027,183,愛媛県今治市,今治市立乃万小学校,イマバリシリツノマショウガッコウ,382027,19000,愛媛県今治市延喜甲349,愛媛県,今治市,延喜,甲349,,34.06441,132.95728,,,保健室運動場出口横,,,7940084,3000020382027,今治市,,,,,,,,,,,https://meqqe.jp/spots/10357113
382027,184,愛媛県今治市,今治市立南中学校,イマバリシリツミナミチュウガッコウ,382027,184000,愛媛県今治市松木349-2,愛媛県,今治市,松木,349-2,,34.03154,133.00117,,,体育館壁面(屋外),,,7991513,3000020382027,今治市,,,,,,,,,,,https://meqqe.jp/spots/10357152
382027,185,愛媛県今治市,今治市立南中学校,イマバリシリツミナミチュウガッコウ,382027,184000,愛媛県今治市松木349-1,愛媛県,今治市,松木,349-1,,34.03088,133.00061,階数,1,1階職員室前廊下,,,7991513,3000020382027,今治市,,,,,,,,,,,https://meqqe.jp/spots/10357151
382027,186,愛媛県今治市,今治市立桜井中学校,イマバリシリツサクライチュウガッコウ,382027,81001,愛媛県今治市郷桜井一丁目8-8,愛媛県,今治市,郷桜井一丁目,8-8,,34.01641,133.03404,,,玄関口(屋外),,,7991523,3000020382027,今治市,,,,,,,,,,,https://meqqe.jp/spots/10357150
382027,187,愛媛県今治市,今治市立桜井中学校,イマバリシリツサクライチュウガッコウ,382027,81001,愛媛県今治市郷桜井一丁目8-8,愛媛県,今治市,郷桜井一丁目,8-8,,34.01694,133.03342,,,体育館入口,,,7991523,3000020382027,今治市,,,,,,,,,,,https://meqqe.jp/spots/10357149
382027,188,愛媛県今治市,今治市立立花中学校,イマバリシリツタチバナチュウガッコウ,382027,112002,愛媛県今治市立花町二丁目8-7,愛媛県,今治市,立花町二丁目,8-7,,34.05041,132.99792,,,体育教官室入口横(屋外),,,7940821,3000020382027,今治市,,,,,,,,,,,https://meqqe.jp/spots/10357148
382027,189,愛媛県今治市,今治市立立花中学校,イマバリシリツタチバナチュウガッコウ,382027,112002,愛媛県今治市立花町二丁目8-7,愛媛県,今治市,立花町二丁目,8-7,,34.04963,132.99718,,,本館1階職員室前廊下,,,7940821,3000020382027,今治市,,,,,,,,,,,https://meqqe.jp/spots/10357147
382027,190,愛媛県今治市,今治市立近見中学校,イマバリシリツチカミチュウガッコウ,382027,135004,愛媛県今治市近見町四丁目2-57,愛媛県,今治市,近見町四丁目,2-57,,34.08646,132.98083,,,体育館入口(屋外),,,7940007,3000020382027,今治市,,,,,,,,,,,https://meqqe.jp/spots/10357146
382027,191,愛媛県今治市,今治市立近見中学校,イマバリシリツチカミチュウガッコウ,382027,135004,愛媛県今治市近見町四丁目2-57,愛媛県,今治市,近見町四丁目,2-57,,34.08643,132.98148,,,生徒玄関(屋外),,,7940007,3000020382027,今治市,,,,,,,,,,,https://meqqe.jp/spots/10357145
382027,192,愛媛県今治市,今治市立日吉中学校,イマバリシリツヒヨシチュウガッコウ,382027,146001,愛媛県今治市中日吉町一丁目3-70,愛媛県,今治市,中日吉町一丁目,3-70,,34.06144,132.99269,,,保健室前運動場側(屋外),,,7940055,3000020382027,今治市,,,,,,,,,,,https://meqqe.jp/spots/10357144
382027,193,愛媛県今治市,今治市立日吉中学校,イマバリシリツヒヨシチュウガッコウ,382027,146001,愛媛県今治市中日吉町一丁目3-70,愛媛県,今治市,中日吉町一丁目,3-70,,34.06157,132.99252,,,玄関ロビー,,,7940055,3000020382027,今治市,,,,,,,,,,,https://meqqe.jp/spots/10357143
382027,194,愛媛県今治市,今治市立日吉中学校,イマバリシリツヒヨシチュウガッコウ,382027,146001,愛媛県今治市中日吉町一丁目3-70,愛媛県,今治市,中日吉町一丁目,3-70,,34.06184,132.99261,,,屋内運動場玄関内,,,7940055,3000020382027,今治市,,,,,,,,,,,https://meqqe.jp/spots/10357142
382027,195,愛媛県今治市,今治市立岡村小学校,イマバリシリツオカムラショウガッコウ,382027,102000,愛媛県今治市関前岡村415,愛媛県,今治市,関前岡村,415,,34.188,132.88353,階数,1,1階正面玄関(屋外),,,7941101,3000020382027,今治市,,,,,,,,,,,https://meqqe.jp/spots/10357141
382027,196,愛媛県今治市,今治市立岡村小学校,イマバリシリツオカムラショウガッコウ,382027,102000,愛媛県今治市関前岡村415,愛媛県,今治市,関前岡村,415,,34.18804,132.88335,階数,1,1階正面玄関ロビー,,,7941101,3000020382027,今治市,,,,,,,,,,,https://meqqe.jp/spots/10357140
382027,197,愛媛県今治市,今治市立大三島小学校,イマバリシリツオオミシマショウガッコウ,382027,38000,愛媛県今治市大三島町宮浦5145,愛媛県,今治市,大三島町宮浦,5145,,34.24662,133.00056,,,保健室前廊下,,,7941304,3000020382027,今治市,,,,,,,,,,,https://meqqe.jp/spots/10357139
382027,198,愛媛県今治市,今治市立大三島小学校,イマバリシリツオオミシマショウガッコウ,382027,38000,愛媛県今治市大三島町宮浦5145,愛媛県,今治市,大三島町宮浦,5145,,34.24704,133.00102,,,体育館玄関(屋外),,,7941304,3000020382027,今治市,,,,,,,,,,,https://meqqe.jp/spots/10357138
382027,199,愛媛県今治市,今治市立上浦小学校,イマバリシリツカミウラショウガッコウ,382027,46000,愛媛県今治市上浦町井口4497,愛媛県,今治市,上浦町井口,4497,,34.26321,133.03183,,,体育館正面玄関,,,7941402,3000020382027,今治市,,,,,,,,,,,https://meqqe.jp/spots/10357137
382027,200,愛媛県今治市,今治市立上浦小学校,イマバリシリツカミウラショウガッコウ,382027,46000,愛媛県今治市上浦町井口4497,愛媛県,今治市,上浦町井口,4497,,34.26304,133.03166,階数,1,1階児童玄関(屋外),,,7941402,3000020382027,今治市,,,,,,,,,,,https://meqqe.jp/spots/10357136
382027,201,愛媛県今治市,今治市立伯方小学校,イマバリシリツハカタショウガッコウ,382027,168000,愛媛県今治市伯方町木浦3599-2,愛媛県,今治市,伯方町木浦,3599-2,,34.20527,133.11116,階数,2,2階音楽室前,,,7942305,3000020382027,今治市,,,,,,,,,,,https://meqqe.jp/spots/10357135
382027,202,愛媛県今治市,今治市立伯方小学校,イマバリシリツハカタショウガッコウ,382027,168000,愛媛県今治市伯方町木浦3599-2,愛媛県,今治市,伯方町木浦,3599-2,,34.20512,133.11155,階数,1,1階正面玄関(屋外),,,7942305,3000020382027,今治市,,,,,,,,,,,https://meqqe.jp/spots/10357134
382027,203,愛媛県今治市,今治市立宮窪小学校,イマバリシリツミヤクボショウガッコウ,382027,198000,愛媛県今治市宮窪町宮窪4765,愛媛県,今治市,宮窪町宮窪,4765,,34.17251,133.07244,,,体育館入口(屋外),,,7942203,3000020382027,今治市,,,,,,,,,,,https://meqqe.jp/spots/10357133
382027,204,愛媛県今治市,今治市立近見中学校,イマバリシリツチカミチュウガッコウ,382027,135004,愛媛県今治市近見町四丁目2-57,愛媛県,今治市,近見町四丁目,2-57,,34.08621,132.98163,,,職員室前廊下,,,7940007,3000020382027,今治市,,,,,,,,,,,https://meqqe.jp/spots/10357173
382027,205,愛媛県今治市,今治市クリーンセンター(バリクリーン),イマバリシクリーンセンター(バリクリーン),382027,183000,愛媛県今治市町谷甲394番地,愛媛県,今治市,町谷,甲394番地,,34.02144,132.99892,階数,2,管理棟2F大研修室の左側の靴箱,,,7991514,3000020382027,今治市,,,,,,,,,,,https://meqqe.jp/spots/10357172
382027,206,愛媛県今治市,今治市立大三島中学校,イマバリシリツオオミシマチュウガッコウ,382027,46000,愛媛県今治市上浦町井口5610,愛媛県,今治市,上浦町井口,5610,,34.26466,133.03726,,,生徒玄関壁面,,,7941402,3000020382027,今治市,,,,,,,,,,,https://meqqe.jp/spots/10357171
382027,207,愛媛県今治市,今治市立大三島中学校,イマバリシリツオオミシマチュウガッコウ,382027,46000,愛媛県今治市上浦町井口5610,愛媛県,今治市,上浦町井口,5610,,34.26426,133.03716,,,体育館渡り廊下側入口(屋外),,,7941402,3000020382027,今治市,,,,,,,,,,,https://meqqe.jp/spots/10357170
382027,208,愛媛県今治市,今治市立伯方中学校,イマバリシリツハカタチュウガッコウ,382027,168000,愛媛県今治市伯方町木浦4134-1,愛媛県,今治市,伯方町木浦,4134-1,,34.21191,133.10733,,,体育館渡り廊下前壁面(屋外),,,7942305,3000020382027,今治市,,,,,,,,,,,https://meqqe.jp/spots/10357169
382027,209,愛媛県今治市,今治市立伯方中学校,イマバリシリツハカタチュウガッコウ,382027,168000,愛媛県今治市伯方町木浦4134-1,愛媛県,今治市,伯方町木浦,4134-1,,34.21231,133.10722,階数,1,1階事務室前,,,7942305,3000020382027,今治市,,,,,,,,,,,https://meqqe.jp/spots/10357168
382027,210,愛媛県今治市,今治市立大島中学校,イマバリシリツオオシマチュウガッコウ,382027,209000,愛媛県今治市吉海町幸新田250,愛媛県,今治市,吉海町幸新田,250,,34.14358,133.04092,,,保健室前廊下,,,7942111,3000020382027,今治市,,,,,,,,,,,https://meqqe.jp/spots/10357167
382027,211,愛媛県今治市,今治市立大島中学校,イマバリシリツオオシマチュウガッコウ,382027,209000,愛媛県今治市吉海町幸新田250,愛媛県,今治市,吉海町幸新田,250,,34.14307,133.04094,,,体育館玄関横入口,,,7942111,3000020382027,今治市,,,,,,,,,,,https://meqqe.jp/spots/10357166
382027,212,愛媛県今治市,今治市立菊間中学校,イマバリシリツキクマチュウガッコウ,382027,65000,愛媛県今治市菊間町浜2628-1,愛媛県,今治市,菊間町浜,2628-1,,34.03181,132.85301,階数,2,2階渡り廊下資料室前,,,7992303,3000020382027,今治市,,,,,,,,,,,https://meqqe.jp/spots/10357165
382027,213,愛媛県今治市,今治市立菊間中学校,イマバリシリツキクマチュウガッコウ,382027,65000,愛媛県今治市菊間町浜2628-1,愛媛県,今治市,菊間町浜,2628-1,,34.03179,132.85307,,,保健室横,,,7992303,3000020382027,今治市,,,,,,,,,,,https://meqqe.jp/spots/10357164
382027,214,愛媛県今治市,今治市立大西中学校,イマバリシリツオオニシチュウガッコウ,382027,22000,愛媛県今治市大西町九王2280-1,愛媛県,今治市,大西町九王,2280-1,,34.06538,132.92622,,,体育館入口(屋外),,,7992201,3000020382027,今治市,,,,,,,,,,,https://meqqe.jp/spots/10357163
382027,215,愛媛県今治市,今治市立大西中学校,イマバリシリツオオニシチュウガッコウ,382027,22000,愛媛県今治市大西町九王2280-1,愛媛県,今治市,大西町九王,2280-1,,34.06586,132.92647,,,職員室前廊下,,,7992201,3000020382027,今治市,,,,,,,,,,,https://meqqe.jp/spots/10357162
382027,216,愛媛県今治市,今治市立玉川中学校,イマバリシリツタマガワチュウガッコウ,382027,118000,愛媛県今治市玉川町高野21,愛媛県,今治市,玉川町高野,21,,34.01849,132.94392,階数,1,1階体育館入口(屋外),,,7940115,3000020382027,今治市,,,,,,,,,,,https://meqqe.jp/spots/10357161
382027,217,愛媛県今治市,今治市立玉川中学校,イマバリシリツタマガワチュウガッコウ,382027,118000,愛媛県今治市玉川町高野21,愛媛県,今治市,玉川町高野,21,,34.01891,132.94371,,,校舎1階玄関ロビー,,,7940115,3000020382027,今治市,,,,,,,,,,,https://meqqe.jp/spots/10357160
382027,218,愛媛県今治市,今治市立朝倉中学校,イマバリシリツアサクラチュウガッコウ,382027,3000,愛媛県今治市朝倉北273,愛媛県,今治市,朝倉北,273,,33.997983,133.01665,,,体育館入口(屋外),,,7991604,3000020382027,今治市,,,,,,,,,,,https://meqqe.jp/spots/10357159
382027,219,愛媛県今治市,今治市立朝倉中学校,イマバリシリツアサクラチュウガッコウ,382027,3000,愛媛県今治市朝倉北273,愛媛県,今治市,朝倉北,273,,33.99768,133.01745,,,玄関ロビー,,,7991604,3000020382027,今治市,,,,,,,,,,,https://meqqe.jp/spots/10357158
382027,220,愛媛県今治市,今治市立北郷中学校,イマバリシリツホクゴウチュウガッコウ,382027,147004,愛媛県今治市中堀四丁目1-1,愛媛県,今治市,中堀四丁目,1-1,,34.10092,132.95788,,,体育館・武道場入口壁面(屋外),,,7992115,3000020382027,今治市,,,,,,,,,,,https://meqqe.jp/spots/10357157
382027,221,愛媛県今治市,今治市立北郷中学校,イマバリシリツホクゴウチュウガッコウ,382027,147004,愛媛県今治市中堀四丁目1-1,愛媛県,今治市,中堀四丁目,1-1,,34.10109,132.95827,,,本館1階 保健室前廊下,,,7992115,3000020382027,今治市,,,,,,,,,,,https://meqqe.jp/spots/10357156
382027,222,愛媛県今治市,今治市立西中学校,イマバリシリツニシチュウガッコウ,382027,205000,愛媛県今治市山路554-3,愛媛県,今治市,山路,554-3,,34.05742,132.97621,,,1、2年生入口横,,,7940072,3000020382027,今治市,,,,,,,,,,,https://meqqe.jp/spots/10357155
382027,223,愛媛県今治市,今治市立西中学校,イマバリシリツニシチュウガッコウ,382027,205000,愛媛県今治市山路554-3,愛媛県,今治市,山路,554-3,,34.05803,132.97719,,,体育館入口内,,,7940072,3000020382027,今治市,,,,,,,,,,,https://meqqe.jp/spots/10357154
382027,224,愛媛県今治市,今治市立西中学校,イマバリシリツニシチュウガッコウ,382027,205000,愛媛県今治市山路554-3,愛媛県,今治市,山路,554-3,,34.05794,132.97631,,,職員玄関前体育館(屋外),,,7940072,3000020382027,今治市,,,,,,,,,,,https://meqqe.jp/spots/10357153
382027,225,愛媛県今治市,今治南高等学校,イマバリミナミコウトウガッコウ,382027,140007,愛媛県今治市常盤町七丁目2−17,愛媛県,今治市,常盤町七丁目,2−17,,34.05601,132.9892,,,,,,7940015,1000020380008,愛媛県,,,,,,,,,,,https://meqqe.jp/spots/10357186
382027,226,愛媛県今治市,はしはまこがく認定こども園,ハシハマコガクニンテイコドモエン,382027,97002,愛媛県今治市地堀二丁目3−12,愛媛県,今治市,地堀二丁目,3−12,,34.10464,132.96388,,,,,,7992117,7500005005466,学校法人波止浜虎岳学園,,,,,,,,,,,https://meqqe.jp/spots/10357185
382027,227,愛媛県今治市,アクティブライフ,アクティブライフ,382027,1000,愛媛県今治市阿方183−1,愛媛県,今治市,阿方,183−1,,34.06196,132.97353,,,デイサービスハウス夢,,,7940081,4500002020248,有限会社アクティブライフ,,,,,,,,,,,https://meqqe.jp/spots/10357184
382027,228,愛媛県今治市,老人保健施設 燧園,ロウジンホケンシセツ ヒウチエン,382027,100003,愛媛県今治市末広町三丁目1-6,愛媛県,今治市,末広町三丁目,1-6,,34.06286,133.0039,階数,2,2階 観察室,,,7940038,8500005004797,医療法人滴水会,,,,,,,,,,,https://meqqe.jp/spots/10357183
382027,229,愛媛県今治市,越智商工会,オチショウコウカイ,382027,27000,愛媛県今治市大西町宮脇甲1515-2,愛媛県,今治市,大西町宮脇,甲1515-2,,34.06408,132.92632,階数,1,1階 ロビー,,,7992205,4500005004883,越智商工会,,,,,,,,,,,https://meqqe.jp/spots/10357182
382027,230,愛媛県今治市,今治北高等学校,イマバリキタコウトウガッコウ,382027,200002,愛媛県今治市宮下町二丁目2-14,愛媛県,今治市,宮下町二丁目,2-14,,34.06535,132.988,階数,2,南西校舎2階職員室前,,,7940052,1000020380008,愛媛県,,,,,,,,,,,https://meqqe.jp/spots/10357181
382027,231,愛媛県今治市,今治北高等学校,イマバリキタコウトウガッコウ,382027,200002,愛媛県今治市宮下町二丁目2-14,愛媛県,今治市,宮下町二丁目,2-14,,34.06619,132.988,,,プール北東側 更衣室入口,,,7940052,1000020380008,愛媛県,,,,,,,,,,,https://meqqe.jp/spots/10357180
382027,232,愛媛県今治市,今治北高等学校,イマバリキタコウトウガッコウ,382027,200002,愛媛県今治市宮下町二丁目2-14,愛媛県,今治市,宮下町二丁目,2-14,,34.06546,132.98904,,,体育館西側 職員室横,,,7940052,1000020380008,愛媛県,,,,,,,,,,,https://meqqe.jp/spots/10357179
382027,233,愛媛県今治市,愛媛県繊維染色工業組合,エヒメケンセンイセンショクコウギョウクミアイ,382027,104002,愛媛県今治市蒼社町二丁目1-4,愛媛県,今治市,蒼社町二丁目,1-4,,34.05513,132.99496,階数,1,1階 事務所内,,,7940058,3500005004934,愛媛県繊維染色工業組合,,,,,,,,,,,https://meqqe.jp/spots/10357178
382027,234,愛媛県今治市,西染工(株),ニシセンコウ(カブ),382027,189004,愛媛県今治市南大門町四丁目5-1,愛媛県,今治市,南大門町四丁目,5-1,,34.06895,132.99133,階数,1,1階 事務所内,,,7940027,5500001012088,西染工株式会社,,,,,,,,,,,https://meqqe.jp/spots/10357177
382027,235,愛媛県今治市,みどり幼稚園,ミドリヨウチエン,382027,7000,愛媛県今治市五十嵐甲60,愛媛県,今治市,五十嵐,甲60,,34.03217,132.98584,,,管理棟1階 職員室,,,7940861,2500005004877,学校法人みどり幼稚園,,,,,,,,,,,https://meqqe.jp/spots/10357176
382027,236,愛媛県今治市,サンライズ糸山,サンライズイトヤマ,382027,224002,愛媛県今治市砂場町二丁目8-1,愛媛県,今治市,砂場町二丁目,8-1,,34.11024,132.97743,階数,1,1階 受付前,,,7940001,1500005004787,一般財団法人今治勤労福祉事業団,,,,,,,,,,,https://meqqe.jp/spots/10357175
382027,237,愛媛県今治市,(株)しまなみ,(カブ)シマナミ,382027,30001,愛媛県今治市大浜町一丁目丙232-1,愛媛県,今治市,大浜町一丁目,丙232-1,,34.09639,132.98558,階数,1,1階事務所ロビー,,,7940002,3500001013088,株式会社しまなみ,,,,,,,,,,,https://meqqe.jp/spots/10357174
382027,238,愛媛県今治市,龍門保育園,リュウモンホイクエン,382027,2000,愛媛県今治市朝倉上甲803-4,愛媛県,今治市,朝倉上,甲803-4,,33.9773902,133.0066222,階数,1,1階 事務所,,,7991607,7500005004856,社会福祉法人龍門福祉会,,,,,,,,,,,https://meqqe.jp/spots/10357552
382027,239,愛媛県今治市,アイエン工業株式会社,アイエンコウギョウカブシキガイシャ,382027,170000,愛媛県今治市波止浜赤崎6-113,愛媛県,今治市,波止浜,赤崎6-113,,34.1043328,132.9740145,,,玄関(屋内),,,7992118,3500001011018,アイエン工業株式会社,,,,,,,,,,,https://meqqe.jp/spots/10357551
382027,240,愛媛県今治市,今治市宮窪福祉センター,イマバリシミヤクボフクシセンター,382027,198000,愛媛県今治市宮窪町宮窪3544-2,愛媛県,今治市,宮窪町宮窪,3544-2,,34.1617031,133.0719043,階数,1,1階 事務所,,,7942203,8500005005333,社会福祉法人今治市社会福祉協議会,,,,,,,,,,,https://meqqe.jp/spots/10357550
382027,241,愛媛県今治市,今治市上浦福祉センター,イマバリシカミウラフクシセンター,382027,45000,愛媛県今治市上浦町甘崎3878-1,愛媛県,今治市,上浦町甘崎,3878-1,,34.2357825,133.0522939,,,玄関入って左奥,,,7941403,8500005005333,社会福祉法人今治市社会福祉協議会,,,,,,,,,,,https://meqqe.jp/spots/10357549
382027,242,愛媛県今治市,今治市社協デイサービスセンター大三島,イマバリシシャキョデイサービスセンターオオミシマ,382027,36000,愛媛県今治市大三島町野々江2435-2,愛媛県,今治市,大三島町野々江,2435-2,,34.2208849,132.9900917,,,玄関入って左壁,,,7941306,8500005005333,社会福祉法人今治市社会福祉協議会,,,,,,,,,,,https://meqqe.jp/spots/10357547
382027,243,愛媛県今治市,キスケパオ今治本店,キスケパオイマバリホンテン,382027,179001,愛媛県今治市別宮町一丁目2-4,愛媛県,今治市,別宮町一丁目,2-4,,34.0662814,132.9991336,階数,1,1階 店舗カウンター,,,7940026,3500001006843,キスケ株式会社,,,,,,,,,,,https://meqqe.jp/spots/10358321
382027,244,愛媛県今治市,キスケパオ鳥生店,キスケパオトリウテン,382027,190002,愛媛県今治市南鳥生町二丁目3-53,愛媛県,今治市,南鳥生町二丁目,3-53,,34.0533921,133.0102505,階数,1,1階 店舗カウンター,,,7940802,3500001006843,キスケ株式会社,,,,,,,,,,,https://meqqe.jp/spots/10358322
382027,245,愛媛県今治市,キスケパオ中寺店,キスケパオナカデラテン,382027,144000,愛媛県今治市中寺234-4,愛媛県,今治市,中寺,234-4,,34.0339802,132.9999266,階数,1,1階 店舗カウンター,,,7940840,3500001006843,キスケ株式会社,,,,,,,,,,,https://meqqe.jp/spots/10358323
382027,246,愛媛県今治市,キスケパオ小泉店,キスケパオコイズミテン,382027,80003,愛媛県今治市小泉三丁目1-32,愛媛県,今治市,小泉三丁目,1-32,,34.0500862,132.9812043,階数,1,1階 店舗カウンター,,,7940064,3500001006843,キスケ株式会社,,,,,,,,,,,https://meqqe.jp/spots/10358324
382027,247,愛媛県今治市,キスケパオ小泉店2,キスケパオコイズミテン2,382027,80003,愛媛県今治市小泉三丁目1-32,愛媛県,今治市,小泉三丁目,1-32,,34.050194,132.9811037,階数,1,1階 店舗カウンター,,,7940064,3500001006843,キスケ株式会社,,,,,,,,,,,https://meqqe.jp/spots/10358325
382027,248,愛媛県今治市,しまなみ温泉 喜助の湯,シマナミオンセン キスケノユ,382027,146001,愛媛県今治市中日吉町一丁目2-30,愛媛県,今治市,中日吉町一丁目,2-30,,34.062828,132.9923499,,,受付カウンター前,,,7940055,3500001006843,キスケ株式会社,,,,,,,,,,,https://meqqe.jp/spots/10358326
382027,249,愛媛県今治市,JAおちいまばり デイサービスセンター元気,JAオチイマバリ デイサービスセンターゲンキ,382027,44001,愛媛県今治市鐘場町一丁目2-9,愛媛県,今治市,鐘場町一丁目,2-9,,34.0844337,132.9903374,,,事務所内,,,7940004,4500005004891,越智今治農業協同組合,,,,,,,,,,,https://meqqe.jp/spots/10358494
382027,250,愛媛県今治市,JAおちいまばり デイサービスセンター元気玉川,JAオチイマバリ デイサービスセンターゲンキタマガワ,382027,123000,愛媛県今治市玉川町中村甲496-1,愛媛県,今治市,玉川町中村,甲496-1,,34.0232049,132.9573368,,,事務所内,,,7940111,4500005004891,越智今治農業協同組合,,,,,,,,,,,https://meqqe.jp/spots/10358493
382027,251,愛媛県今治市,JAおちいまばり デイサービスセンター元気桜井,JAオチイマバリ デイサービスセンターゲンキサクライ,382027,95004,愛媛県今治市桜井四丁目13-7,愛媛県,今治市,桜井四丁目,13-7,,34.019824,133.0383641,,,店舗内事務所,,,7991522,4500005004891,越智今治農業協同組合,,,,,,,,,,,https://meqqe.jp/spots/10358492
382027,252,愛媛県今治市,JAおちいまばり デイサービスセンター元気伯方,JAオチイマバリ デイサービスセンターゲンキハカタ,382027,166000,愛媛県今治市伯方町叶浦甲1666-4,愛媛県,今治市,伯方町叶浦,甲1666-4,,34.2070963,133.0738045,,,事務所玄関,,,7942302,4500005004891,越智今治農業協同組合,,,,,,,,,,,https://meqqe.jp/spots/10358491
382027,253,愛媛県今治市,JAおちいまばり 小規模多機能 元気まんてん,JAオチイマバリ ショウキボタキノウ ゲンキマンテン,382027,180000,愛媛県今治市別名434,愛媛県,今治市,別名,434,,34.0454583,132.9777911,,,事務所内,,,7940065,4500005004891,越智今治農業協同組合,,,,,,,,,,,https://meqqe.jp/spots/10358490
382027,254,愛媛県今治市,JAおちいまばり 乃万支店,JAオチイマバリ ノマシテン,382027,1000,愛媛県今治市阿方甲246-1,愛媛県,今治市,阿方,甲246-1,,34.0627867,132.9667727,,,ATMブース内,,,7940081,4500005004891,越智今治農業協同組合,,,,,,,,,,,https://meqqe.jp/spots/10358489
382027,255,愛媛県今治市,JAおちいまばり 本店別館,JAオチイマバリ ホンテンベッカン,382027,71001,愛媛県今治市北宝来町一丁目1-5,愛媛県,今治市,北宝来町一丁目,1-5,,34.0639283,132.995294,,,玄関前(屋外),,,7940028,4500005004891,越智今治農業協同組合,,,,,,,,,,,https://meqqe.jp/spots/10358488
382027,256,愛媛県今治市,デイサービス たちばな,デイサービス タチバナ,382027,67003,愛媛県今治市北高下町三丁目3-18,愛媛県,今治市,北高下町三丁目,3-18,,34.0499928,133.0112169,,,玄関内,,,7940812,3500002019258,有限会社モードハヤシ,,,,,,,,,,,https://meqqe.jp/spots/10358487
382027,257,愛媛県今治市,小規模多機能型介護施設 たちばな,ショウキボタキノウガタカイゴシセツ タチバナ,382027,172005,愛媛県今治市八町東五丁目6-2,愛媛県,今治市,八町東五丁目,6-2,,34.0364981,133.0028351,階数,1,1階 事務所内,,,7940831,3500002019258,有限会社モードハヤシ,,,,,,,,,,,https://meqqe.jp/spots/10358486
382027,258,愛媛県今治市,看護小規模多機能型介護施設 たちばな,カンゴショウキボタキノウガタカイゴシセツ タチバナ,382027,408,愛媛県今治市上徳甲571-2,愛媛県,今治市,上徳,甲571-2,,34.0426272,133.0120916,階数,1,1階 事務所内,,,7991511,3500002019258,有限会社モードハヤシ,,,,,,,,,,,https://meqqe.jp/spots/10358485
382027,259,愛媛県今治市,今治東中等教育学校,イマバリヒガシチュウトウキョウイクガッコウ,382027,95002,愛媛県今治市桜井二丁目9-1,愛媛県,今治市,桜井二丁目,9-1,,34.0237543,133.0353153,階数,1,1階 保健室内,,,7991522,1000020380008,愛媛県,,,,,,,,,,,https://meqqe.jp/spots/10358484
382027,260,愛媛県今治市,四国ガス(株)今治支店,シコクガス(カブ)イマバリシテン,382027,75005,愛媛県今治市共栄町五丁目1-3,愛媛県,今治市,共栄町五丁目,1-3,,34.0716623,132.9971346,階数,1,事務所1階,,,7940024,4500001011652,四国ガス株式会社,,,,,,,,,,,https://meqqe.jp/spots/10358497
382027,261,愛媛県今治市,四国ガス(株),シコクガス(カブ),382027,189002,愛媛県今治市南大門町二丁目2-4,愛媛県,今治市,南大門町二丁目,2-4,,34.0667577,132.9966215,階数,1,ピポット今治内(1F屋内),,,7940027,4500001011652,四国ガス株式会社,,,,,,,,,,,https://meqqe.jp/spots/10358496
382027,262,愛媛県今治市,今治市社協デイサービスセンター伯方,イマバリシシャキョデイサービスセンターハカタ,382027,168000,愛媛県今治市伯方町木浦甲3930-1,愛媛県,今治市,伯方町木浦,甲3930-1,,34.2120217,133.1130442,,,玄関入って右のフロア,,,7942305,8500005005333,社会福祉法人今治市社会福祉協議会,,,,,,,,,,,https://meqqe.jp/spots/10358495
382027,263,愛媛県今治市,特別養護老人ホーム シルバーハウス吹揚,トクベツヨウゴロウジンホーム シルバーハウスフキアゲ,382027,88003,愛媛県今治市黄金町三丁目2-6,愛媛県,今治市,黄金町三丁目,2-6,,34.0630374,133.004987,階数,1,1階 静養室,,,7940037,8500005004863,社会福祉法人悠々会,,,,,,,,,,,https://meqqe.jp/spots/10359771
382027,264,愛媛県今治市,なかよし学童くらぶ,ナカヨシガクドウクラブ,382027,71002,愛媛県今治市北宝来町二丁目2-12,愛媛県,今治市,北宝来町二丁目,2-12,,34.0654281,132.9950012,,,スタッフルーム,,,7940028,9500005004862,社会福祉法人来島会,,,,,,,,,,,https://meqqe.jp/spots/10359785
382027,265,愛媛県今治市,ふきあげワークス,フキアゲワークス,382027,18003,愛媛県今治市恵美須町三丁目1-16,愛媛県,今治市,恵美須町三丁目,1-16,,34.0658335,133.0088251,,,作業室,,,7940031,9500005004862,社会福祉法人来島会,,,,,,,,,,,https://meqqe.jp/spots/10359784
382027,266,愛媛県今治市,麦の穂,ムギノホ,382027,74002,愛媛県今治市衣干町二丁目144-3,愛媛県,今治市,衣干町二丁目,144-3,,34.0490849,133.0162709,階数,2,麦の穂2階 相談室,,,7940813,9500005004862,社会福祉法人来島会,,,,,,,,,,,https://meqqe.jp/spots/10359783
382027,267,愛媛県今治市,ふらっぷ,フラップ,382027,410,愛媛県今治市登畑甲345-1,愛媛県,今治市,登畑,甲345-1,,34.0174614,133.0106908,,,スタッフルーム,,,7991535,9500005004862,社会福祉法人来島会,,,,,,,,,,,https://meqqe.jp/spots/10359782
382027,268,愛媛県今治市,今治ワークス,イマバリワークス,382027,407,愛媛県今治市宮ヶ崎甲166,愛媛県,今治市,宮ヶ崎,甲166,,34.0168288,133.0098844,,,作業室内,,,7991537,9500005004862,社会福祉法人来島会,,,,,,,,,,,https://meqqe.jp/spots/10359781
382027,269,愛媛県今治市,今治福祉園,イマバリフクシエン,382027,407,愛媛県今治市宮ヶ崎甲170,愛媛県,今治市,宮ヶ崎,甲170,,34.0162607,133.0099214,,,医務室,,,7991537,9500005004862,社会福祉法人来島会,,,,,,,,,,,https://meqqe.jp/spots/10359780
382027,270,愛媛県今治市,今治市子育て応援ステーションばんび,イマバリシコソダテオウエンステーションバンビ,382027,407,愛媛県今治市宮ヶ崎甲690-1,愛媛県,今治市,宮ヶ崎,甲690-1,,34.0163983,133.0072784,,,ばんび 事務所内,,,7991537,9500005004862,社会福祉法人来島会,,,,,,,,,,,https://meqqe.jp/spots/10359779
382027,271,愛媛県今治市,短期入所生活介護　かのこ,タンキニュウショセイカツカイゴ　カノコ,382027,407,愛媛県今治市宮ケ崎甲700-1,愛媛県,今治市,宮ケ崎,甲700-1,,34.016096,133.0067012,,,玄関入り左側,,,7991537,9500005004862,社会福祉法人来島会,,,,,,,,,,,https://meqqe.jp/spots/10359778
382027,272,愛媛県今治市,来島ふれあいだんだんファーム,クルシマフレアイダンダンファーム,382027,107000,愛媛県今治市高市甲161-3,愛媛県,今治市,高市,甲161-3,,34.0305178,133.0059785,,,だんだんファーム内作業建屋内,,,7991512,9500005004862,社会福祉法人来島会,,,,,,,,,,,https://meqqe.jp/spots/10359777
382027,273,愛媛県今治市,ステップ,ステップ,382027,127000,愛媛県今治市玉川町別所甲32-1,愛媛県,今治市,玉川町別所,甲32-1,,34.0316745,132.9711805,,,玉川工場,,,7940113,9500005004862,社会福祉法人来島会,,,,,,,,,,,https://meqqe.jp/spots/10359776
382027,274,愛媛県今治市,らびっつ,ラビッツ,382027,109000,愛媛県今治市高橋ふれあいの丘1-3,愛媛県,今治市,高橋ふれあいの丘,1-3,,34.0399177,132.9584509,,,職員室,,,7940067,9500005004862,社会福祉法人来島会,,,,,,,,,,,https://meqqe.jp/spots/10359775
382027,275,愛媛県今治市,ジョブサポートセンター　ここすた,ジョブサポートセンター　ココスタ,382027,109000,愛媛県今治市高橋ふれあいの丘1-3,愛媛県,今治市,高橋ふれあいの丘,1-3,,34.039931,132.9583866,,,職員室,,,7940067,9500005004862,社会福祉法人来島会,,,,,,,,,,,https://meqqe.jp/spots/10359774
382027,276,愛媛県今治市,今治ワークス（エンゼル21）,イマバリワークス（エンゼル21）,382027,154000,愛媛県今治市波方町樋口甲109-1,愛媛県,今治市,波方町樋口,甲109-1,,34.0965161,132.9549044,,,ホール,,,7992102,9500005004862,社会福祉法人来島会,,,,,,,,,,,https://meqqe.jp/spots/10359773
382027,277,愛媛県今治市,地域密着型特別養護老人ホーム　ほのか,チイキミッチャクガタトクベツヨウゴロウジンホーム　ホノカ,382027,110000,愛媛県今治市高部甲535-1,愛媛県,今治市,高部,甲535-1,,34.0949121,132.9741269,,,地域交流室,,,7992113,9500005004862,社会福祉法人来島会,,,,,,,,,,,https://meqqe.jp/spots/10359772
382027,278,愛媛県今治市,グランドール今治弐番館,グランドールイマバリニバンカン,382027,11001,愛媛県今治市泉川町一丁目2-17,愛媛県,今治市,泉川町一丁目,2-17,,34.0579448,132.9976266,階数,1,1階 エントランス,,,7940057,,,,,,,,,,,,,https://meqqe.jp/spots/10365214
382027,279,愛媛県今治市,伯方開発総合センター,ハカタカイハツソウゴウセンター,382027,166000,愛媛県今治市伯方町叶浦甲1668-30,愛媛県,今治市,伯方町叶浦,甲1668-30,,34.2029,133.07463,,,正面右入口入って左柱,,,7942302,3000020382027,今治市,,,,,,,,,,,https://meqqe.jp/spots/10365215
382027,280,愛媛県今治市,山内歯科医院,ヤマウチシカイイン,382027,10001,愛媛県今治市石橋町一丁目3-22,愛媛県,今治市,石橋町一丁目,3-22,,34.0480524,133.0025789,,,受付,,,7940824,,,,,,,,,,,,,https://meqqe.jp/spots/10366911
382027,281,愛媛県今治市,まき歯科,マキシカ,382027,144000,愛媛県今治市中寺342,愛媛県,今治市,中寺,342,,34.0362,132.9928594,,,玄関内,,,7940840,9500005004813,医療法人まき歯科,,,,,,,,,,,https://meqqe.jp/spots/10366910
382027,282,愛媛県今治市,きぬぼし歯科,キヌボシシカ,382027,74003,愛媛県今治市衣干町三丁目2-8,愛媛県,今治市,衣干町三丁目,2-8,,34.0482447,133.0169339,,,診療室,,,7940813,,,,,,,,,,,,,https://meqqe.jp/spots/10366909
382027,283,愛媛県今治市,こぐま小児歯科,コグマショウニシカ,382027,184000,愛媛県今治市松木334-5,愛媛県,今治市,松木,334-5,,34.0299979,132.9997939,,,診療室内,,,7991513,8500005004830,医療法人こぐま小児歯科,,,,,,,,,,,https://meqqe.jp/spots/10366914
382027,284,愛媛県今治市,あらき歯科,アラキシカ,382027,74004,愛媛県今治市衣干町四丁目4-9,愛媛県,今治市,衣干町四丁目,4-9,,34.044852,133.01308,,,受付,,,7940813,,,,,,,,,,,,,https://meqqe.jp/spots/10366913
382027,285,愛媛県今治市,ときわ歯科医院,トキワシカイイン,382027,140006,愛媛県今治市常盤町六丁目5-28,愛媛県,今治市,常盤町六丁目,5-28,,34.0575392,132.991427,,,受付,,,7940015,,,,,,,,,,,,,https://meqqe.jp/spots/10366912
382027,286,愛媛県今治市,久米歯科医院,クメシカイイン,382027,71002,愛媛県今治市北宝来町二丁目3-1,愛媛県,今治市,北宝来町二丁目,3-1,,34.0653287,132.9942305,,,待ち合い,,,7940028,,,,,,,,,,,,,https://meqqe.jp/spots/10366916
382027,287,愛媛県今治市,山田歯科医院,ヤマダシカイイン,382027,76001,愛媛県今治市蔵敷町一丁目7-2,愛媛県,今治市,蔵敷町一丁目,7-2,,34.0586538,132.9993591,,,診療室,,,7940044,,,,,,,,,,,,,https://meqqe.jp/spots/10366915
382027,288,愛媛県今治市,太田歯科医院,オオタシカイイン,382027,24000,愛媛県今治市大西町新町45-6,愛媛県,今治市,大西町新町,45-6,,34.064898,132.9326645,,,診療室,,,7992203,,,,,,,,,,,,,https://meqqe.jp/spots/10366918
382027,289,愛媛県今治市,秋山整形外科・歯科,アキヤマセイケイゲカ・シカ,382027,95002,愛媛県今治市桜井二丁目3-1,愛媛県,今治市,桜井二丁目,3-1,,34.0223872,133.0382864,,,処置室,,,7991522,,,,,,,,,,,,,https://meqqe.jp/spots/10366917
382027,290,愛媛県今治市,村上歯科医院,ムラカミシカイイン,382027,29000,愛媛県今治市大西町脇甲829-1,愛媛県,今治市,大西町脇,甲829-1,,34.0612235,132.9208894,,,受付,,,7992206,,,,,,,,,,,,,https://meqqe.jp/spots/10366919
382027,291,愛媛県今治市,いよ路サービス(有)居宅介護支援,イヨジサービス(ユウ)キョタクカイゴシエン,382027,79001,愛媛県今治市鯉池町一丁目1-22,愛媛県,今治市,鯉池町一丁目,1-22,,34.0532052,132.9882694,階数,2,2階通路,,,7940059,9500002019665,いよ路サービス有限会社,,,,,,,,,,,https://meqqe.jp/spots/10368573
382027,292,愛媛県今治市,(株)アイチコーポレーション,(カブ)アイチコーポレーション,382027,138005,愛媛県今治市天保山町五丁目1827-33,愛媛県,今治市,天保山町五丁目,1827-33,,34.0641356,133.0142343,,,事務所入り口ロビー内,,,7940032,1030001042723,株式会社アイチコーポレーション,,,,,,,,,,,https://meqqe.jp/spots/10368572
382027,293,愛媛県今治市,看護小規模多機能ひうち,カンゴショウキボタキノウヒウチ,382027,100003,愛媛県今治市末広町三丁目3-6,愛媛県,今治市,末広町三丁目,3-6,,34.0615529,133.0044233,階数,1,1階 倉庫,,,7940038,8500005004797,医療法人滴水会,,,,,,,,,,,https://meqqe.jp/spots/10357548
382027,294,愛媛県今治市,今治市しまなみ交流プラザ,イマバリシシマナミコウリュウプラザ,382027,168000,愛媛県今治市伯方町木浦甲1200-1,愛媛県,今治市,伯方町木浦,甲1200-1,,34.2051695,133.1126807,,,玄関壁面,,,7942305,3000020382027,今治市,,,,,,,,,,,https://meqqe.jp/spots/10371512
382027,295,愛媛県今治市,イオン今治店,イオンイマバリテン,382027,15004,愛媛県今治市馬越町四丁目8-1,愛媛県,今治市,馬越町四丁目,8-1,,34.056144,132.979773,,,サービスカウンター,0898253131,,7940062,,,,,,,,,,,,,https://meqqe.jp/spots/2980394
382027,296,愛媛県今治市,大井幼児園,オオイヨウジエン,382027,23000,愛媛県今治市大西町紺原312番1,愛媛県,今治市,大西町紺原,312番1,,34.06775,132.940144,,,,,,7992202,6500005004849,社会福祉法人大井福祉会,08:15-17:00,08:15-17:00,08:15-17:00,08:15-17:00,08:15-17:00,,,,,,https://meqqe.jp/spots/10374447
382027,297,愛媛県今治市,越智商工会菊間支所,オチショウコウカイキクマシショ,382027,65000,愛媛県今治市菊間町浜484番地,愛媛県,今治市,菊間町浜,484番地,,34.035803,132.841169,,,,,,7992303,4500005004883,越智商工会,08:30-17:15,08:30-17:15,08:30-17:15,08:30-17:15,08:30-17:15,,,,年末年始、祝祭日を除く,,https://meqqe.jp/spots/10385274
382027,298,愛媛県今治市,樋口児童館,ヒノクチジドウカン,382027,154000,愛媛県今治市波方町樋口甲1755番地1,愛媛県,今治市,波方町樋口,甲1755番地1,,34.101419,132.949364,,,,,,7992102,3000020382027,今治市,,,,,,,,,,,https://meqqe.jp/spots/10385544
382027,299,愛媛県今治市,亀岡児童館,カメオカジドウカン,382027,59000,愛媛県今治市菊間町佐方428,愛媛県,今治市,菊間町佐方,428,,34.056686,132.87399,,,,0898542606,,7992301,3000020382027,今治市,,,,,,,,,,,https://meqqe.jp/spots/2258976
382027,300,愛媛県今治市,本町児童館,ホンマチジドウカン,382027,181005,愛媛県今治市本町五丁目2番24号,愛媛県,今治市,本町五丁目,2番24号,,34.073992,132.99777,,,,,,7940018,3000020382027,今治市,,,,,,,,,,,https://meqqe.jp/spots/10380622
382027,301,愛媛県今治市,伊予銀行 今治市役所出張所,イヨギンコウ イマバリシヤクショシュッチョウジョ,382027,179001,愛媛県今治市別宮町一丁目4-1,愛媛県,今治市,別宮町一丁目,4-1,,34.066456,132.997154,,,店内,,,7940026,4500001000003,伊予銀行,09:00-17:00,09:00-17:00,09:00-17:00,09:00-17:00,09:00-17:00,,,,祝日除く,,https://meqqe.jp/spots/2739212
382027,302,愛媛県今治市,伊予銀行 宮浦支店,イヨギンコウ ミヤウラシテン,382027,38000,愛媛県今治市大三島町宮浦5402,愛媛県,今治市,大三島町宮浦,5402,,34.247424,132.9984,,,ATMコーナー,,,7941304,4500001000003,伊予銀行,08:45-18:00,08:45-18:00,08:45-18:00,08:45-18:00,08:45-18:00,08:45-17:00,,,祝日除く,,https://meqqe.jp/spots/2739194
382027,303,愛媛県今治市,伊予銀行 今治支店,イヨギンコウ イマバリシテン,382027,140004,愛媛県今治市常盤町四丁目2-1,愛媛県,今治市,常盤町四丁目,2-1,,34.065525,132.998797,,,ATMコーナー,,,7940015,4500001000003,伊予銀行,08:00-21:00,08:00-21:00,08:00-21:00,08:00-21:00,08:00-21:00,08:45-21:00,,,ATM稼働時間帯,,https://meqqe.jp/spots/2739213
382027,304,愛媛県今治市,伊予銀行 今治支店,イヨギンコウ イマバリシテン,382027,140004,愛媛県今治市常盤町四丁目2番1号,愛媛県,今治市,常盤町四丁目,2番1号,,34.0655361,132.9987472,階数,2,2階営業室,,,7940015,4500001000003,伊予銀行,09:00-17:00,09:00-17:00,09:00-17:00,09:00-17:00,09:00-17:00,10:00-17:00,,,,,https://meqqe.jp/spots/10396923
382027,305,愛媛県今治市,伊予銀行 波止浜支店,イヨギンコウ ハシハマシテン,382027,170001,愛媛県今治市波止浜一丁目1-4,愛媛県,今治市,波止浜一丁目,1-4,,34.105174,132.966969,,,ATMコーナー,,,7992112,4500001000003,伊予銀行,08:45-19:00,08:45-19:00,08:45-19:00,08:45-19:00,08:45-19:00,08:45-17:00,,,ATM稼働時間帯,,https://meqqe.jp/spots/2739277
382027,306,愛媛県今治市,伊予銀行 菊間支店,イヨギンコウ キクマシテン,382027,65000,愛媛県今治市菊間町浜500,愛媛県,今治市,菊間町浜,500,,34.035731,132.841782,,,ATMコーナー,,,7992303,4500001000003,伊予銀行,08:45-19:00,08:45-19:00,08:45-19:00,08:45-19:00,08:45-19:00,08:45-17:00,,,ATM稼働時間帯,,https://meqqe.jp/spots/2739190
382027,307,愛媛県今治市,伊予銀行 大西支店,イヨギンコウ オオニシシテン,382027,24000,愛媛県今治市大西町新町甲760-1,愛媛県,今治市,大西町新町,甲760-1,,34.062758,132.926889,,,ATMコーナー,,,7992203,4500001000003,伊予銀行,09:00-15:00,09:00-15:00,09:00-15:00,09:00-15:00,09:00-15:00,,,,ATM稼働時間帯,,https://meqqe.jp/spots/2739255
382027,308,愛媛県今治市,伊予銀行 伯方支店,イヨギンコウ ハカタシテン,382027,168000,愛媛県今治市伯方町木浦甲1681-2,愛媛県,今治市,伯方町木浦,甲1681-2,,34.204236,133.11416,,,ATMコーナー,,,7942305,4500001000003,伊予銀行,08:45-19:00,08:45-19:00,08:45-19:00,08:45-19:00,08:45-19:00,08:45-17:00,,,ATM稼働時間帯,,https://meqqe.jp/spots/2739278
382027,309,愛媛県今治市,伊予銀行 大島支店,イヨギンコウ オオシマシテン,382027,221000,愛媛県今治市吉海町八幡162-2,愛媛県,今治市,吉海町八幡,162-2,,34.144791,133.042571,,,ATMコーナー,,,7942110,4500001000003,伊予銀行,08:45-18:00,08:45-18:00,08:45-18:00,08:45-18:00,08:45-18:00,08:45-18:00,08:45-18:00,08:45-18:00,ATM稼働時間帯,,https://meqqe.jp/spots/2739256
382027,310,愛媛県今治市,伊予銀行 桜井支店,イヨギンコウ サクライシテン,382027,95002,愛媛県今治市桜井二丁目5-41,愛媛県,今治市,桜井二丁目,5-41,,34.019985,133.037611,,,ATMコーナー,,,7991522,4500001000003,伊予銀行,08:45-19:00,08:45-19:00,08:45-19:00,08:45-19:00,08:45-19:00,08:45-17:00,,,ATM稼働時間帯,,https://meqqe.jp/spots/2739218
382027,311,愛媛県今治市,伊予銀行 日吉支店,イヨギンコウ ヒヨシシテン,382027,140006,愛媛県今治市常盤町六丁目5-20,愛媛県,今治市,常盤町六丁目,5-20,,34.057752,132.99094,,,ATMコーナー,,,7940015,4500001000003,伊予銀行,08:45-19:00,08:45-19:00,08:45-19:00,08:45-19:00,08:45-19:00,08:45-17:00,,,ATM稼働時間帯,,https://meqqe.jp/spots/2739275
382027,312,愛媛県今治市,伊予銀行 日高支店,イヨギンコウ ヒダカシテン,382027,80004,愛媛県今治市小泉四丁目4-50,愛媛県,今治市,小泉四丁目,4-50,,34.048561,132.981274,,,ATMコーナー,,,7940064,4500001000003,伊予銀行,08:45-19:00,08:45-19:00,08:45-19:00,08:45-19:00,08:45-19:00,08:45-17:00,,,ATM稼働時間帯,,https://meqqe.jp/spots/2739276
382027,313,愛媛県今治市,伊予銀行 富田支店,イヨギンコウ トミタシテン,382027,408,愛媛県今治市上徳乙368-1,愛媛県,今治市,上徳,乙368-1,,34.030553,133.014629,,,ATMコーナー,,,7991511,4500001000003,伊予銀行,08:45-19:00,08:45-19:00,08:45-19:00,08:45-19:00,08:45-19:00,08:45-17:00,,,ATM稼働時間帯,,https://meqqe.jp/spots/2739283
382027,314,愛媛県今治市,伊予銀行 今治南支店,イヨギンコウ イマバリミナミシテン,382027,85002,愛媛県今治市郷本町二丁目3-41,愛媛県,今治市,郷本町二丁目,3-41,,34.047443,132.995775,,,ATMコーナー,,,7940823,4500001000003,伊予銀行,08:45-19:00,08:45-19:00,08:45-19:00,08:45-19:00,08:45-19:00,08:45-17:00,,,ATM稼働時間帯,,https://meqqe.jp/spots/2739214
382027,315,愛媛県今治市,伊予銀行 鳥生支店,イヨギンコウ トリウシテン,382027,188003,愛媛県今治市南高下町三丁目1-9,愛媛県,今治市,南高下町三丁目,1-9,,34.050497,133.013528,,,ATMコーナー,,,7940811,4500001000003,伊予銀行,08:45-15:00,08:45-15:00,08:45-15:00,08:45-15:00,08:45-15:00,,,,ATM稼働時間帯,,https://meqqe.jp/spots/2739265
382027,316,愛媛県今治市,立花幼稚園,タチバナヨウチエン,382027,112004,愛媛県今治市立花町四丁目6−19,愛媛県,今治市,立花町四丁目,6−19,,34.04829,133.000565,,,玄関横の相談室,0898227682,,7940821,1500005004878,学校法人立花幼稚園,08:00-18:00,08:00-18:00,08:00-18:00,08:00-18:00,08:00-18:00,,,,,,https://meqqe.jp/spots/2227549
382027,317,愛媛県今治市,愛媛県立今治特別支援学校,エヒメケンリツイマバリトクベツシエンガッコウ,382027,95000,愛媛県今治市桜井乙32-313,愛媛県,今治市,桜井,乙32-313,,34.0113982,133.0457722,,,事務室前,0898470355,,7991524,1000020380008,愛媛県,08:30-17:00,08:30-17:00,08:30-17:00,08:30-17:00,08:30-17:00,,,,,,https://meqqe.jp/spots/10398978
382027,318,愛媛県今治市,愛媛県立今治特別支援学校,エヒメケンリツイマバリトクベツシエンガッコウ,382027,95000,愛媛県今治市桜井乙32-313,愛媛県,今治市,桜井,乙32-313,,34.0112611,133.0458694,,,第５教棟入口,0898470355,,7991524,1000020380008,愛媛県,08:30-17:00,08:30-17:00,08:30-17:00,08:30-17:00,08:30-17:00,,,,,,https://meqqe.jp/spots/10398979
382027,319,愛媛県今治市,愛媛県立今治特別支援学校,エヒメケンリツイマバリトクベツシエンガッコウ,382027,95000,愛媛県今治市桜井乙32-313,愛媛県,今治市,桜井,乙32-313,,34.0112611,133.0458694,,,保健室前,0898470355,,7991524,1000020380008,愛媛県,08:30-17:00,08:30-17:00,08:30-17:00,08:30-17:00,08:30-17:00,,,,,,https://meqqe.jp/spots/10398980
382027,320,愛媛県今治市,峠店にっし～,トウゲテンニッシー,382027,60000,愛媛県今治市菊間町種3569−1,愛媛県,今治市,菊間町種,3569−1,,34.051232,132.865194,,,店舗内,0898542188,,7992302,,,07:00-18:00,07:00-18:00,07:00-18:00,07:00-18:00,07:00-18:00,07:00-18:00,07:00-18:00,07:00-18:00,年末年始を除く,,https://meqqe.jp/spots/2252739
382027,321,愛媛県今治市,(有)齊藤,サイトウ,382027,111000,愛媛県今治市宅間甲3219番地,愛媛県,今治市,宅間,甲3219,,34.071036,132.940487,,,事務所内,,,7940083,6500002018273,有限会社齊藤,08:30-22:00,08:30-22:00,08:30-22:00,08:30-22:00,08:30-22:00,,,,,,https://meqqe.jp/spots/10402330
