ID,正式名称,正式名称（フリガナ）,略称,略称（フリガナ）,英語表記（ローマ字表記）,機関区分,都道府県コード,市区町村コード,所在地,所在地座標（緯度）,所在地座標（経度）,案内用ホームページアドレス,毎週決まった曜日に休診（月）,毎週決まった曜日に休診（火）,毎週決まった曜日に休診（水）,毎週決まった曜日に休診（木）,毎週決まった曜日に休診（金）,毎週決まった曜日に休診（土）,毎週決まった曜日に休診（日）,決まった週に休診（定期週）第1週（月）,決まった週に休診（定期週）第1週（火）,決まった週に休診（定期週）第1週（水）,決まった週に休診（定期週）第1週（木）,決まった週に休診（定期週）第1週（金）,決まった週に休診（定期週）第1週（土）,決まった週に休診（定期週）第1週（日）,決まった週に休診（定期週）第2週（月）,決まった週に休診（定期週）第2週（火）,決まった週に休診（定期週）第2週（水）,決まった週に休診（定期週）第2週（木）,決まった週に休診（定期週）第2週（金）,決まった週に休診（定期週）第2週（土）,決まった週に休診（定期週）第2週（日）,決まった週に休診（定期週）第3週（月）,決まった週に休診（定期週）第3週（火）,決まった週に休診（定期週）第3週（水）,決まった週に休診（定期週）第3週（木）,決まった週に休診（定期週）第3週（金）,決まった週に休診（定期週）第3週（土）,決まった週に休診（定期週）第3週（日）,決まった週に休診（定期週）第4週（月）,決まった週に休診（定期週）第4週（火）,決まった週に休診（定期週）第4週（水）,決まった週に休診（定期週）第4週（木）,決まった週に休診（定期週）第4週（金）,決まった週に休診（定期週）第4週（土）,決まった週に休診（定期週）第4週（日）,決まった週に休診（定期週）第5週（月）,決まった週に休診（定期週）第5週（火）,決まった週に休診（定期週）第5週（水）,決まった週に休診（定期週）第5週（木）,決まった週に休診（定期週）第5週（金）,決まった週に休診（定期週）第5週（土）,決まった週に休診（定期週）第5週（日）,祝日に休診,その他の休診日（gw、お盆等）,一般病床,療養病床,療養病床のうち医療保険適用,療養病床のうち介護保険適用,精神病床,結核病床,感染症病床,合計病床数
3811385500190,公益財団法人正光会今治病院,コウエキザイダンホウジンショウコウカイイマバリビョウイン,正光会今治病院,ショウコウカイイマバリビョウイン,Shokokai Imabari Hospital,1,38,202,愛媛県今治市高市甲７８６－１３,34.027087,133.014344,http://www.shokokai-grp.or.jp/,,,,,,,,,,,,,,,,,,,,,,,,,,,,,,,,,,,,,,,,,,,,,,,,,293,,,293
3811385500350,一般社団法人　今治市医師会　今治市医師会市民病院,イッパンシャダンホウジン　イマバリシイシカイ　イマバリシイシカイシミンビョウイン,今治市医師会市民病院,イマバリシイシカイシミンビョウイン,ImabarishiIsikaiShiminHospital,1,38,202,愛媛県今治市別宮町７－１－４０,34.074082,132.991899,http://www.imabarihsp.jp/,1,1,1,1,1,0,0,,,,,,,,,,,,,,,,,,,,,,,,,,,,,,,,,,,,0,年末年始（12月29日～1月3日）,51,,,,,,4,55
3811385500480,医療法人　慈風会　白石病院,イリョウホウジン　ジフウカイ　シライシビョウイン,白石病院,シライシビョウイン,Shiraishi Hospital,1,38,202,愛媛県今治市松本町１－５－９,34.065499,133.001010,https://www.jifukai.or.jp/,1,1,1,1,1,1,0,1,1,1,1,1,1,0,1,1,1,1,1,1,0,1,1,1,1,1,1,0,1,1,1,1,1,1,0,1,1,1,1,1,1,0,0,お盆：8月14・15日（改行）年末年始：12月31日、1月1～3日,60,40,40,,,,,100
3811385500640,社会医療法人真泉会　今治第一病院,シャカイイリョウホウジンシンセンカイ　イマバリダイイチビョウイン,今治第一病院,イマバリダイイチビョウイン,ImabariDaiiti Hospital ( ImabariDaiiti Byoin),1,38,202,愛媛県今治市宮下町１―１―２１,34.066360,132.989844,http://www.imabari-daiichi.com,1,1,1,1,1,1,,,,,,,,,,,,,,,,,,,,,,,,,,,,,,,,,,,,,0,,90,,,,,,,90
3811385500770,三木病院,ミキビョウイン,三木病院,ミキビョウイン,MiKiByoin,1,38,202,愛媛県今治市泉川町１―３―４５,34.056806,132.994817,tenrakukai-hp.com/,,,,,,,,,,,,,,,,,,,,,,,,,,,,,,,,,,,,,,,,,,,,,30,,30,,,,,30
3811385500930,医療法人勤有会きら病院,イリョウホウジンキンユウカイキラビョウイン,きら病院,キラビョウイン,Kira Hospital,1,38,202,愛媛県今治市北宝来町１－３－５,34.064249,132.995900,http://www.kirahp.jp,1,1,1,0,1,1,1,,,,,,,,,,,,,,,,,,,,,,,,,,,,,,,,,,,,0,祝日、祝日及び祝日と連休になる日曜日,30,,,,,,,30
3811385501360,放射線第一病院,ホウシャセンダイイチビョウイン,放射線第一病院,ホウシャセンダイイチビョウイン,housyasendaiichi byouin,1,38,202,愛媛県今治市北日吉町１丁目１０番５０号,34.064888,132.990317,https://www.juntenkai.jp/,1,1,1,1,1,1,0,,,,,,,,,,,,,,,,,,,,,,,,,,,,,,,,,,,,0,,110,,,,,,,110
3811385501520,医療法人　朝陽会　美須賀病院,イリョウホウジン　チョウヨウカイ　ミスカビョウイン,美須賀病院,ミスカビョウイン,MISUKA Hospital,1,38,202,愛媛県今治市黄金町３－４－８,34.061639,133.005454,http://misuka-hp.jp/,,,,,,,,,,,,,,,,,,,,,,,,,,,,,,,,,,,,,,,,,,,,,29,70,70,,,,,99
3811385501810,医療法人圭泉会菅病院,イリョウホウジンケイセンカイスガビョウイン,医療法人圭泉会菅病院,スガビョウイン,Suga Byoin,1,38,202,愛媛県今治市南日吉町２－３－２１,34.056084,132.992234,,,,,,,,,,,,,,,,,,,,,,,,,,,,,,,,,,,,,,,,,,,,,,,40,40,,,,,40
3811385502240,医療法人滴水会吉野病院,イリョウホウジンテキスイカイヨシノビョウイン,吉野病院,ヨシノビョウイン,Yoshino Byouin,1,38,202,愛媛県今治市末広町１－５－５,34.064999,133.002399,https://www.yoshino-hospital.or.jp,,,,,,,0,,,,,,,,,,,,,,,,,,,,,,,,,,,,,,,,,,,,0,,47,43,43,,,,,90
3811385502400,木原病院,キハラビョウイン,木原病院,キハラビョウイン,kihara byouin,1,38,202,愛媛県今治市別宮町３－７－８,34.069249,132.994677,www.kiharabyouin.jp,,,,,,,,,,,,,,,,,,,,,,,,,,,,,,,,,,,,,,,,,,,,,49,24,24,,,,,73
3811385502530,瀬戸内海病院,セトナイカイビョウイン,瀬戸内海病院,セトナイカイビョウイン,Setonaikai Hospital,1,38,202,愛媛県今治市北宝来町２－４－９,34.066055,132.993844,https://www.ikirukai.or.jp,1,1,1,1,1,1,,,,,,,,,,,,,,,,,,,,,,,,,,,,,,,,,,,,,0,1/1、1/2、1/3、8/15、8/16、12/31,97,,,,,,,97
3811385502950,医療法人補天会光生病院,イリョウホウジンホテンカイコウセイビョウイン,光生病院,コウセイビョウイン,KouseiHospital,1,38,202,愛媛県今治市室屋町３丁目２－１０,34.069860,133.000316,https://www.imabari-kouseibyouin.com/,,,,,,,,,,,,,,,,,,,,,,,,,,,,,,,,,,,,,,,,,,,,,51,,,,,,,51
3811385503090,医療法人三省会村上病院,イリョウホウジンサンセイカイムラカミビョウイン,村上病院,ムラカミビョウイン,murakami hospital,1,38,202,愛媛県今治市常盤町５―３―３７,34.060222,132.993761,,,,,,,,0,,,,,,,0,,,,,,,0,,,,,,,0,,,,,,,0,,,,,,,0,0,,,22,22,0,,,,22
3811385503250,医療法人平成会　山内病院,イリョウホウジンヘイセイカイ　ヤマウチビョウイン,山内病院,ヤマウチビョウイン,Yamauchi Hospital,1,38,202,愛媛県今治市片山３－１－４０,34.051806,132.984679,http://www.hp-yamauchi.or.jp,1,1,1,1,1,1,0,,,,,,,,,,,,,,,,,,,,,,,,,,,,,,,,,,,,0,お盆（8月１５日午後、８月１６日）、年末年始（１２月31日午後～１月３日）,0,50,50,0,0,0,0,50
3811385503380,社会福祉法人恩賜財団済生会今治病院,シャカイフクシホウジンオンシザイダンサイセイカイイマバリビョウイン,済生会今治病院,サイセイカイイマバリビョウイン,Saiseikai Imabari  Hospital,1,38,202,愛媛県今治市喜田村７丁目１番６号,34.044391,133.020510,http://www.imabari.saiseikai.or.jp/,1,1,1,1,1,1,0,1,1,1,1,1,1,0,1,1,1,1,1,0,0,1,1,1,1,1,1,0,1,1,1,1,1,0,0,1,1,1,1,1,1,0,0,GW、お盆、年末年始など,191,,,,,,,191
3811385503410,医療法人　厚仁会　波方中央病院,イリョウホウジン　コウジンカイ　ナミカタチュウオウビョウイン,波方中央病院,ナミカタチュウオウビョウイン,NamikataChuou Byoin,1,38,202,愛媛県今治市波方町樋口甲１６８３－１,34.098995,132.949874,http://kouzinkai.jp,,,,,,,0,1,1,1,1,1,1,0,1,1,1,1,1,1,0,1,1,1,1,1,1,0,1,1,1,1,1,1,0,1,1,1,1,1,1,0,0,12月31日～1月4日,,37,37,0,,,,37
3811385503540,医療法人　良仁会　大三島中央病院,イリョウホウジン　リョウジンカイ　オオミシマチュウオウビョウイン,大三島中央病院,オオミシマチュウオウビョウイン,OhmishimaChuou Byoin,1,38,202,愛媛県今治市大三島町宮浦５３１８－１,34.246258,132.997197,,1,1,1,0,1,1,0,1,1,1,1,1,1,0,1,1,1,0,1,1,0,1,1,1,1,1,1,0,1,1,1,0,1,1,0,1,1,1,1,1,1,0,0,ゴールデンウイーク　カレンダー通り休診　　お盆基本８月15日・16日　　お正月１２月２９日～１月３日　　都合により変更もあります。,0,28,28,0,0,0,0,28
3811385503670,今治南病院,イマバリミナミビョウイン,今治南病院,イマバリミナミビョウイン,ImabariMinami Byoin,1,38,202,愛媛県今治市四村１０３－１,34.033891,132.984763,http://daijukai-hp.jp/,,,,,,,0,,,,,,,,,,,,,,,,,,,,,,,,,,,,,,,,,,,,0,年末年始（12月31日午後～翌年1月3日）,25,30,30,0,,,,55
3811385503700,高山内科病院,タカヤマナイカビョウイン,高山内科,タカヤマナイカ,Takayama naika,1,38,202,愛媛県今治市大正町３丁目５の８,34.070499,132.996788,http://www.takayama-naika.com,1,1,1,1,1,1,0,1,1,1,1,1,1,0,1,1,1,1,1,1,0,1,1,1,1,1,1,0,1,1,1,1,1,1,0,1,1,1,1,1,1,0,0,８月１５日　１２月２９日　１２月３０日　１２月３１日　１月２日　１月３日,,31,31,,,,,31
3811385503830,愛媛県立今治病院,エヒメケンリツイマバリビョウイン,県立今治病院,ケンリツイマバリビョウイン,Ehime Prefectural Imabari Hospital (Ehime Kenritsu Imabari Byoin),1,38,202,愛媛県今治市石井町４－５－５,34.085580,132.986955,http://www.eph.pref.ehime.jp/epimah/,,,,,,0,0,,,,,,,,,,,,,,,,,,,,,,,,,,,,,,,,,,,,0,,270,,,,50,,,320
3811385503960,整形外科藤井病院,セイケイゲカフジイビョウイン,藤井病院,フジイビョウイン,Fujii Hospital,1,38,202,愛媛県今治市常盤町５－３－３８,34.060310,132.994166,http://www.fujii-hp.or.jp,1,1,1,1,1,1,0,,,,,,,,,,,,,,,,,,,,,,,,,,,,,,,,,,,,0,,,39,39,,,,,39
3811385504000,広瀬病院,ヒロセビョウイン,広瀬病院,ヒロセビョウイン,Hirose Hospital,1,38,202,愛媛県今治市喜田村６丁目５番１号,34.042613,133.023198,http://www.hirose-youseikai.org/,,,,,,,0,,,,,,,,,,,,,,,,,,,,,,,,,,,,,,,,,,,,,1/1～3　休診,30,27,27,0,0,0,0,57
3811385504130,内科・消化器科羽鳥病院,ナイカ・ショウカキカ　ハトリビョウイン,羽鳥病院,ハトリビョウイン,Hatori Hospital,1,38,202,愛媛県今治市南宝来町３丁目２番地３,34.058695,133.002205,http://www.hatori-hosp.com,,,,,,,0,,,,,,,0,,,,,,,0,,,,,,,0,,,,,,,0,,,,,,,0,0,木曜日　午後　休診（改行）お盆８/14～8/16（改行）年末年始12/30午後～1/3,33,0,,0,,,,33
3811385504390,医療法人　明和会　高木眼科病院,イリョウホウジン　メイワカイ　タカギガンカビョウイン,高木眼科病院,タカギガンカビョウイン,Takagiganka Byouin,1,38,202,愛媛県今治市北宝来町２丁目３番地１２,34.065527,132.994066,http://www.takagiganka.or.jp/,1,1,1,1,1,,0,,,,,,0,,,,,,,1,,,,,,,0,,,,,,,1,,,,,,,1,,0,12月29日～1月3日,30,,,,,,,30
3811385504420,社会福祉法人恩賜財団済生会今治第二病院,シャカイフクシホウジンオンシザイダンサイセイカイイマバリダイニビョウイン,済生会今治第二病院,サイセイカイイマバリダイニビョウイン,Saiseikai imabari Dai2 Hospital,1,38,202,愛媛県今治市北日吉町１丁目７番４３号,34.063555,132.988650,https://www.imabari.saiseikai.or.jp/site/saiseikai-imabaridai2/,1,1,1,1,1,0,0,1,1,1,1,1,0,0,1,1,1,1,1,0,0,1,1,1,1,1,0,0,1,1,1,1,1,0,0,1,1,1,1,1,0,0,0,お盆　8月15日（改行）年末年始　12月29日から1月3日まで,30,,,,,,,30
3811385504550,鈴木病院,スズキビョウイン,鈴木病院,スズキビョウイン,Suzuki Hospital,1,38,202,愛媛県今治市別宮町２丁目１番地５,34.067305,132.996983,http://yasuragi-suzuki.or.jp/,,,,,,,,,,,,,,,,,,,,,,,,,,,,,,,,,,,,,,,,,,,0,,,36,36,,,,,36
3811385504680,消化器科久保病院,ショウカキカクボビョウイン,久保病院,クボビョウイン,Shoukakika Kubobyoin,1,38,202,愛媛県今治市内堀１丁目１－１９,34.104134,132.967428,http://kubo-hospital.jp/,,,,,,,,,,,,,,,,,,,,,,,,,,,,,,,,,,,,,,,,,,,,,0,39,,,,,,39
3822385500490,今井皮膚泌尿器科医院,イマイヒフヒニョウキカイイン,今井皮膚泌尿器科医院,イマイヒフヒニョウキカイイン,Imai Urology&Dermatology Clinic,2,38,202,愛媛県今治市共栄町２－１－２４,34.067999,132.999399,https://www.imai-uroder-clinic.com/,,,,0,,,0,,,,,,,,,,,,,,,,,,,,,,,,,,,,,,,,,,,,0,,0,0,0,0,,,,0
3822385501530,今治十全医院,イマバリジュウゼンイイン,十全医院,ジュウゼンイイン,Juzen Clinic,2,38,202,愛媛県今治市南大門町２－４－１８,34.067055,132.995427,,,,,,,,,,,,,,,,,,,,,,,,,,,,,,,,,,,,,,,,,,,,,,,,,,,,,0
3822385502380,医療法人松風会近松内科,イリョウホウジンショウフウカイチカマツナイカ,近松内科,チカマツナイカ,Chikamatsu Clinic internal medicine,2,38,202,愛媛県今治市大正町３－６－１２,34.069943,132.996510,,,,,,,,0,,,,,,,0,,,,,,,0,,,,,,,0,,,,,,,0,,,,,,,0,0,1ヶ月前に休診・診療の変更を予告する,0,0,0,0,,,,0
3822385502670,西信内科医院,ニシノブナイカイイン,西信内科,ニシノブナイカ,Nishinobu Naika Iin,2,38,202,愛媛県今治市米屋町３－１－４１,34.069527,133.000816,,,,,,,,,,,,,,,,,,,,,,,,,,,,,,,,,,,,,,,,,,,,,,0,0,0,0,,,,0
3822385503000,医療法人波止浜内科・外科,ハシハマナイカゲカ,波止浜内科・外科,ハシハマナイカゲカ,Hashihama naikageka,2,38,202,愛媛県今治市地堀５丁目２番１号,34.103689,132.962456,,1,1,1,1,1,1,0,,,,,,,,,,,,,,,,,,,,,,,,,,,,,,,,,,,,0,,0,0,0,0,,,,0
3822385503390,医療法人　仁助会　広川眼科診療所,イリョウホウジン　ジンジョカイ　ヒロカワガンカシンリョウショ,広川眼科,ヒロカワガンカ,Hirokawa Ganka,2,38,202,愛媛県今治市松本町３－３－１,34.062250,133.002510,,,,,,,,,,,,,,,,,,,,,,,,,,,,,,,,,,,,,,,,,,,,,,0,0,0,0,,,,0
3822385503840,医療法人ムラシマ耳鼻咽喉科,イリョウホウジンムラシマジビインコウカ,ムラシマ耳鼻咽喉科,イリョウホウジンムラシマジビインコウカ,"Murashima Ear,nose and throat Clinic",2,38,202,愛媛県今治市松本町１－７－１４,34.064277,133.001205,https://note.com/muracent/n/n8aa4e1494098,,,,,,,,,,,,,,,,,,,,,,,,,,,,,,,,,,,,,,,,,,,,,,,,,,,,0
3822385503970,森耳鼻咽喉科医院,モリジビインコウカイイン,森耳鼻科,モリジビカ,Mori jibiinkouka iin,2,38,202,愛媛県今治市松本町３－２－２４,34.062166,133.002843,,,,,,,,0,,,,,,,,,,,,,,,,,,,,,,,,,,,,,,,,,,,,0,,5,,,,,,,5
3822385504560,医療法人　竹内外科胃腸科,イリョウホウジン　タケウチゲカイチョウカ,竹内外科,タケウチゲカ,Takeuchigeka,2,38,202,愛媛県今治市立花町３－６－３６,34.049723,132.998178,http://takeuchigeka.jp/,,,,,,,0,,,,,,,,,,,,,,,,,,,,,,,,,,,,,,,,,,,,0,,11,,,,,,,11
3822385504720,医療法人　まつもとクリニック,イリョウホウジン　マツモトクリニック,まつもとクリニック,マツモトクリニック,Matsumoto Clinic,2,38,202,愛媛県今治市大正町３－６－１０,34.070221,132.996010,http://imabari-matsumotoclinic.jp/,,,,,,,,,,,,,,,,,,,,,,,,,,,,,,,,,,,,,,,,,,,,,0,0,,,,,,0
3822385505310,医療法人井出整形外科医院,イリョウホウジンイデセイケイゲカイイン,井出整形外科,イデセイケイゲカ,Ide Seikeigeka,2,38,202,愛媛県今治市片山３－３－４６,34.051584,132.986179,,,,,,,,,,,,,,,,,,,,,,,,,,,,,,,,,,,,,,,,,,,,,,,,,,,,,
3822385506610,医療法人　嶋波会　上原内科,イリョウホウジン　シマナミカイ　ウエハラナイカ,上原内科,ウエハラナイカ,UeharaNaika,2,38,202,愛媛県今治市北鳥生町３－４－８,34.052945,133.007871,,1,1,1,1,1,1,0,,,,,,,,,,,,,,,,,,,,,,,,,,,,,,,,,,,,0,年末年始　12/30-1/4　　　お盆休み　8/14-8/17　　　ＧＷ　カレンダー通り（改行）　　（年により変更あります）,0,,,,,,,0
3822385507200,医療法人社団徳丸皮膚科,イリョウホウジンシャダントクマルヒフカ,徳丸皮膚科,トクマルヒフカ,Tokumaru Hifuka,2,38,202,愛媛県今治市北高下町３－４－５８,34.051612,133.010121,,1,1,0,1,1,1,0,,,,,,,,,,,,,,,,,,,,,,,,,,,,,,,,,,,,0,,,,,,,,,
3822385507590,片木脳神経外科,カタギノウシンケイゲカ,片木脳神経外科,カタギノウシンケイゲカ,Katagi Neurosurgical Hospital,2,38,202,愛媛県今治市別名２７４,34.042529,132.976319,http://www.katagihosp.com,1,1,1,0,1,1,0,,,,,,,,,,,,,,,,,,,,,,,,,,,,,,,,,,,,0,,19,0,0,0,,,,19
3822385508630,医療法人片山医院,イリョウホウジンカタヤマイイン,片山医院,カタヤマイイン,katayama iin,2,38,202,愛媛県今治市吉海町幸新田７１,34.147075,133.042309,,1,1,1,1,1,1,0,,,,,,,,,,,,,,,,,,,,,,,,,,,,,,,,,,,,0,GW・8月15日・8月16日,19,0,,,,,,19
3822385509350,医療法人　喜多嶋診療所,イリョウホウジン　キタジマシンリョウショ,医療法人　喜多嶋診療所,イリョウホウジン　キタジマシンリョウショ,Kitajima  Shinryousho,2,38,202,愛媛県今治市伯方町木浦甲３４４９,34.204014,133.112800,,1,1,1,1,1,1,0,,,,,,,,,,,,,,,,,,,,,,,,,,,,,,,,,,,,0,,0,0,0,0,,,,0
3822385511180,岡村診療所,オカムラシンリョウショ,岡村診療所,オカムラシンリョウショ,Okamura Shinryosho,2,38,202,愛媛県今治市関前岡村甲１８番地２,34.185012,132.885459,https://www.city.imabari.ehime.jp,1,,1,1,0,0,0,,,,,,,,,,,,,,,,,,,,,,,,,,,,,,,,,,,,,,2,0,0,0,,,,2
3822385511210,大下出張診療所,オオゲシュッチョウシンリョウショ,大下診療所,オオゲシンリョウショ,ohge Shinryosyo,2,38,202,愛媛県今治市関前大下甲６５番地３,34.188568,132.923011,https://www.city.imabari.ehime.jp/,,,,,,,,,,,,,,,,,,,,,,,,,,,,,,,,,,,,,,,,,,,,,0,0,0,0,,,,0
3822385511470,小大下出張診療所,コオゲシュッチョウシンリョウショ,小大下診療所,コオゲシンリョウショ,Kohge Shinryosyo,2,38,202,愛媛県今治市関前小大下甲２１１５番地１,34.189957,132.902374,https://www.city.imabari.ehime.jp/,,,,,,,,,,,,,,,,,,,,,,,,,,,,,,,,,,,,,,,,,,,,,0,0,0,0,,,,0
3822385511630,小澤外科循環器科医院,オザワゲカジュンカンキカイイン,小澤外科循環器科,オザワゲカジュンカンキカ,Ozawa geka Junkankika,2,38,202,愛媛県今治市馬越町４－３－１０,34.053167,132.983512,https://www.ozawa-hosp.jp,,,,,,,0,,,,,,,,,,,,,,,,,,,,,,,,,,,,,,,,,,,,0,8月15日から8月16日、12月31日から1月3日,19,,,,,,,19
3822385511920,医療法人　順真会　桜井眼科,イリョウホウジン　ジュンシンカイ　サクライガンカ,桜井眼科,サクライガンカ,SAKURAI GANKA,2,38,202,愛媛県今治市桜井２－６－２３,34.020783,133.037065,http://www.sakuraiganka.jp/,,,,,,,,,,,,,,,,,,,,,,,,,,,,,,,,,,,,,,,,,,,,,,,,,,,,
3822385512510,村上耳鼻咽喉科,ムラカミジビインコウカ,村上耳鼻咽喉科,ムラカミジビインコウカ,Murakami Jibiinkoka,2,38,202,愛媛県今治市高市甲２６７－１,34.027726,133.008400,,1,1,0,1,1,1,0,,,,,,,,,,,,,,,,,,,,,,,,,,,,,,,,,,,,,,0,,,,,,,0
3822385512770,医療法人しのざき整形外科,イリョウホウジンシノザキセイケイゲカ,しのざき整形外科,シノザキセイケイゲカ,Shinozaki Seikeigeka,2,38,202,愛媛県今治市伯方町伊方甲１０２２－１,34.220863,133.067483,https://shinozaki-seikeigeka.com,,,,,,,,,,,,,,,,,,,,,,,,,,,,,,,,,,,,,,,,,,,0,年末年始(12/30、12/31、1/1、1/2、1/3),19,,,,,,,19
3822385512800,医療法人　吉正整形外科,イリョウホウジン　ヨシマサセイケイゲカ,吉正整形外科,ヨシマサセイケイゲカ,Yoshimasaseikeigeka,2,38,202,愛媛県今治市別宮町７丁目２－６０,34.075609,132.990927,http://yoshimasa-seikei.com/,,,,,,,,,,,,,,,,,,,,,,,,,,,,,,,,,,,,,,,,,,,0,12/31～1/3（改行）8/15～8/16,0,,,,,,,0
3822385513100,銀座眼科,ギンザガンカ,銀座眼科,ギンザガンカ,Ginza Ganka,2,38,202,愛媛県今治市常盤町３丁目６番６号,34.066110,132.999927,,1,1,1,1,1,1,0,,,,,,,,,,,,,,,,,,,,,,,,,,,,,,,,,,,,0,8月15日（改行）12月31日～1月3日,0,0,0,0,,,,0
3822385513230,金藤内科,カネトウナイカ,金藤内科,カネトウナイカ,Kanetou Naika,2,38,202,愛媛県今治市玉川町大野甲６７番地１,34.022725,132.943517,,1,1,1,1,1,1,0,1,1,1,1,1,1,0,1,1,1,1,1,1,0,1,1,1,1,1,1,0,1,1,1,1,1,1,0,1,1,1,1,1,1,0,0,8月15日、8月１６日は基本的に盆休。（改行）１２月２９日午後から1月3日までは年末年始休。,0,0,0,0,,,,0
3822385513520,三宅川医院,ミヤガワイイン,三宅川医院,ミヤガワイイン,Miyagawa Iinn,2,38,202,愛媛県今治市町谷甲１７－２,34.019727,133.005734,,,,,,,,,,,,,,,,,,,,,,,,,,,,,,,,,,,,,,,,,,,,,,,,,,,,,
3822385513650,医療法人　かとう内科,イリョウホウジン　カトウナイカ,かとう内科,カトウナイカ,Katou Naika,2,38,202,愛媛県今治市立花町１丁目１０－５,34.053001,132.997372,https//www.katonai.com,1,1,1,1,1,1,0,,,,,,,,,,,,,,,,,,,,,,,,,,,,,,,,,,,,0,GWはカレンダー通り、お盆休み（日にちは未定）あります。,19,,19,,,,,19
3822385513940,あおい小児科,アオイショウニカ,あおい小児科,アオイショウニカ,Aoi Clinic,2,38,202,愛媛県今治市東村５丁目９－３７,34.038308,133.021399,http://aoi-kids.jp/,,,,,,,,,,,,,,,,,,,,,,,,,,,,,,,,,,,,,,,,,,,,,,,,,,,,0
3822385514080,林医院,ハヤシイイン,林医院,ハヤシイイン,Hayashi Iin,2,38,202,愛媛県今治市菊間町浜４１４番地,34.036694,132.842414,,,,,,,,,,,,,,,,,,,,,,,,,,,,,,,,,,,,,,,,,,,,,,,,,,,,,
3822385514240,梅の木中医学クリニック,ウメノキチュウイガククリニック,梅の木中医学クリニック,ウメノキチュウイガククリニック,Umenoki chyuigaku clinil,2,38,202,愛媛県今治市玉川町小鴨部甲３５－１,34.029503,132.970237,http://www.umenoki-c.sakura.ne.jp/,,,,,,,,,,,,,,,,,,,,,,,,,,,,,,,,,,,,,,,,,,,,,0,,,,,,,0
3822385514370,医療法人大西クリニック,イリョウホウジンオオニシクリニック,大西クリニック,オオニシクリニック,oonishi kurinikku,2,38,202,愛媛県今治市大西町紺原甲８２７－１,34.067054,132.938349,https://www.oonishiclinic.com/,1,1,1,1,1,1,0,1,1,1,1,1,1,0,1,1,1,1,1,1,0,1,1,1,1,1,1,0,1,1,1,1,1,1,0,1,1,1,1,1,1,0,0,,0,0,0,0,,,,0
3822385514790,医療法人　村上整形外科,イリョウホウジン　ムラカミセイケイゲカ,村上整形外科,ムラカミセイケイゲカ,Murakami Seikeigeka,2,38,202,愛媛県今治市松木２８－７,34.031281,133.005511,http://www.seikeigeka-murakami.jp/.,,,,,,,,,,,,,,,,,,,,,,,,,,,,,,,,,,,,,,,,,,,,,19,,,,,,,19
3822385515380,皮フ科鈴木クリニック,ヒフカスズキクリニック,皮フ科鈴木クリニック,スズキヒフカ,Suzuki Dermatological Clinic,2,38,202,愛媛県今治市南大門町２丁目２番地７,34.066638,132.996177,http://hifuka-suzuki-clinic.jp,1,1,1,1,0,1,0,,,,,,,,,,,,,,,,,,,,,,,,,,,,,,,,,,,,0,,,,,,,,,
3822385515410,鈴木耳鼻咽喉科,スズキジビインコウカ,鈴木耳鼻咽喉科,スズキジビインコウカ,Suzuki ENT Clinic,2,38,202,愛媛県今治市南大門町２丁目２番地３,34.066499,132.996288,http://www.suzent.jp,,,,,,,,,,,,,,0,,,,,,,0,,,,,,,0,,,,,,,0,,,,,,,0,0,,,,,,,,,0
3822385515700,医療法人　正岡眼科,イリョウホウジン　マサオカガンカ,正岡眼科,マサオカガンカ,Masaoka eye clinic,2,38,202,愛媛県今治市常盤町５丁目３番９号,34.060167,132.994955,http://www.masaoka-ganka.gr.jp,,,,,,,,,,,,,,,,,,,,,,,,,,,,,,,,,,,,,,,,,,,,GW、お盆、年末年始などですが、年によって日付が変わりますので、具体的な日付は当院HPでご確認ください。,10,0,0,0,,,,10
3822385516260,相原内科クリニック,アイバラナイカクリニック,相原クリニック,アイバラクリニック,Aibara Clinic,2,38,202,愛媛県今治市本町２丁目１－２７,34.069110,133.002149,,1,1,0,1,1,1,0,,,,,,,,,,,,,,,,,,,,,,,,,,,,,,,,,,,,0,8月14・15・16日,0,0,0,0,,,,0
3822385516420,平林胃腸クリニック,ヒラバヤシイチョウクリニック,平林胃腸クリニック,ヒラバヤシイチョウクリニック,Hirabayashi Icho Clinic,2,38,202,愛媛県今治市河南町２丁目６－２０,34.048112,132.992512,hirabayashi-icho-clinic4.webnode.jp,1,1,1,1,1,1,0,1,1,1,1,1,1,0,1,1,1,1,1,1,0,1,1,1,1,1,1,0,1,1,1,1,1,1,0,1,1,1,1,1,1,0,0,,3,0,0,0,,,,3
3822385516680,矢野眼科,ヤノガンカ,矢野眼科,ヤノガンカ,Yano Ganka,2,38,202,愛媛県今治市吉海町八幡２１８－１,34.144519,133.043420,,,,,,,,,,,,,,,,,,,,,,,,,,,,,,,,,,,,,,,,,,,,,,0,0,0,0,,,,0
3822385516840,医療法人　あおのクリニック,イリョウホウジン　アオノクリニック,あおのクリニック,アオノクリニック,Aono clinic,2,38,202,愛媛県今治市菊間町浜１００１番地,34.037333,132.845552,,,,,,,,,,,,,,,,,,,,,,,,,,,,,,,,,,,,,,,,,,,,,,19,,,,,,,19
3822385517140,羽原小児科,ハバラショウニカ,羽原小児科,ハバラショウニカ,Habara shonika,2,38,202,愛媛県今治市大西町宮脇４６３,34.061165,132.923322,,1,1,1,1,1,1,,1,1,1,1,1,1,,1,1,1,1,1,1,,1,1,1,1,1,1,,1,1,1,1,1,1,,1,1,1,1,1,1,,0,,0,0,0,0,,,,0
3822385517270,医療法人　長野整形外科,イリョウホウジン　ナガノセイケイゲカ,長野整形外科,ナガノセイケイゲカ,Nagano Orthopaedic Clinic,2,38,202,愛媛県今治市高部甲５３２－１,34.094718,132.974983,,,,,,,,0,,,,,,,0,,,,,,,0,,,,,,,0,,,,,,,0,,,,,,,0,0,GW、お盆、年末年始,,,,,,,,0
3822385517300,つばさ発達クリニック,ツバサ　ハッタツ　クリニック,つばさ発達クリニック,ツバサ　ハッタツ　クリニック,Tsubasa Psycho Developmental Clinic,2,38,202,愛媛県今治市南日吉町３丁目３番５１号,34.054084,132.990623,,1,1,1,1,1,0,0,1,1,1,1,1,0,0,1,1,1,1,1,0,0,1,1,1,1,1,0,0,1,1,1,1,1,0,0,1,1,1,1,1,0,0,0,予約の混み具合を見ながら休診日を決めています。,0,0,0,0,,,,0
3822385517560,あゆみクリニック,アユミクリニック,あゆみクリニック,アユミクリニック,Ayumi Clinic,2,38,202,愛媛県今治市高部甲５２６－１,34.094246,132.974983,,,,,,,,,,,,,,,,,,,,,,,,,,,,,,,,,,,,,,,,,,,,,,0,,,,,,,0
3822385517720,かもいけ診療所,カモイケシンリョウショ,かもいけ診療所,カモイケシンリョウショ,Kamoike Shinryosho,2,38,202,愛媛県今治市大西町九王甲２０１９番地１６,34.073164,132.928710,,1,1,0,1,1,0,1,,,,,,,,,,,,,,,,,,,,,,,,,,,,,,,,,,,,0,８月１５日　８月１６日　１２月３０日　１２月３１日　１月１日　１月２日　１月３日,0,0,0,0,,,,0
3822385517850,はかた外科胃腸科,ハカタゲカイチョウカ,はかた外科,ハカタゲカ,hakatagekaichouka,2,38,202,愛媛県今治市伯方町叶浦甲１６６７－２５,34.205597,133.074636,,,,,,,,,,,,,,,,,,,,,,,,,,,,,,,,,,,,,,,,,,,,,,,,,,,,,0
3822385518150,秋山整形外科・歯科,アキヤマセイケイゲカ・シカ,秋山整形外科・歯科,アキヤマセイケイゲカ・シカ,AKIYAMA SEIKEIGEKA SHIKA,2,38,202,愛媛県今治市桜井２丁目３－１,34.022338,133.038287,,1,1,1,1,1,1,0,,,,,,,,,,,,,,,,,,,,,,,,,,,,,,,,,,,,0,,0,0,0,0,,,,0
3822385518280,医療法人　久保皮膚科クリニック,イリョウホウジン　クボヒフカクリニック,久保皮膚科クリニック,クボヒフカクリニック,Kubo Hifuka clinic,2,38,202,愛媛県今治市馬越町３丁目３番３８号,34.057666,132.979318,http://www.kubo-clinic.or.jp/,,,,,,,0,,,,,,,0,,,,,,,0,,,,,,,0,,,,,,,0,,,,,,,0,0,,,,,,,,,
3822385518310,井門クリニック,イモンクリニック,井門クリニック,イモンクリニック,Imon Clinic,2,38,202,愛媛県今治市朝倉下甲１１４６番地１,34.002312,133.012901,,,,,,,,,,,,,,,,,,,,,,,,,,,,,,,,,,,,,,,,,,,,,,0,0,,,,,,0
3822385518440,朝倉内科循環器科クリニック,アサクラナイカジュンカンキカクリニック,朝倉クリニック,アサクラクリニック,Asakura Clinic,2,38,202,愛媛県今治市朝倉下甲４５２－１,33.997451,133.019762,,,,,,,,,,,,,,,,,,,,,,,,,,,,,,,,,,,,,,,,,,,,,,0,0,0,0,,,,0
3822385518570,井戸内科・消化器科,イドナイカ　ショウカキカ,井戸内科・消化器科,イドナイカ　ショウカキカ,IdoNaika Shyoukakika,2,38,202,愛媛県今治市蔵敷町１丁目１５の６,34.057611,132.999316,,,,,,,,,,,,,,,,,,,,,,,,,,,,,,,,,,,,,,,,,,,,,,0,0,,,,,,0
3822385518990,矢野眼科大三島分院,ヤノガンカオオミシマブンイン,矢野眼科大三島分院,ヤノガンカオオミシマブンイン,YanoGanka Oomisima Bunin,2,38,202,愛媛県今治市大三島町宮浦５１６１,34.247563,133.000696,,,,,,,,,,,,,,,,,,,,,,,,,,,,,,,,,,,,,,,,,,,,,,0,0,0,0,,,,0
3822385519580,アキクリニック,アキクリニック,アキクリニック,アキクリニック,Aki Clinic,2,38,202,愛媛県今治市共栄町２－２－１　しまなみビルヂング　２階,34.067808,132.999863,https://aki-cl.jp/,1,1,1,1,1,1,0,1,1,1,1,1,1,0,1,1,1,1,1,1,0,1,1,1,1,1,1,0,1,1,1,1,1,1,0,1,1,1,1,1,1,0,0,,0,0,0,0,,,,0
3822385519610,宮窪診療所,ミヤクボシンリョウショ,宮窪診療所,ミヤクボシンリョウショ,Miyakubo Clinic,2,38,202,愛媛県今治市宮窪町宮窪５２５０－１,34.175045,133.075027,,,,,,,,,,,,,,,,,,,,,,,,,,,,,,,,,,,,,,,,,,,,,,,,,,,,,
3822385519740,中川こころのクリニック,ナカガワココロノクリニック,中川こころのクリニック,ナカガワココロノクリニック,Nakagawakokoronoclinic,2,38,202,愛媛県今治市北日吉町１丁目２番１１号,34.064166,132.992622,,,,,,,,0,,,,,,,,,,,,,,,,,,,,,,,,,,,,,,,,,,,,0,8月14日・8月15日(お盆)（改行）12月30日午後～1月３日(年末年始),,,,,,,,0
3822385519900,医療法人たくぼ眼科,イリョウホウジンタクボガンカ,たくぼ眼科,タクボガンカ,Takuboganka,2,38,202,愛媛県今治市南宝来町三丁目２番地９,34.058583,133.001677,http://takubo-ganka.jp,,,,,,,,,,,,,,,,,,,,,,,,,,,,,,,,,,,,,,,,,,,,,4,0,0,0,,,,4
3822385520140,医療法人さとう内科クリニック,イリョウホウジンサトウナイカクリニック,さとう内科クリニック,サトウナイカクリニック,sato naika clinic,2,38,202,愛媛県今治市大新田町３丁目４番８号,34.080470,132.991927,,,,,,,,0,,,,,,,,,,,,,,,,,,,,,,,,,,,,,,,,,,,,0,,,,,,,,,0
3822385520300,医療法人彩水会真部クリニック,イリョウホウジンサイスイカイマナベクリニック,真部クリニック,マナベクリニック,Manabe Clinic,2,38,202,愛媛県今治市矢田甲７番地１,34.060472,132.972929,,,,,,,,0,,,,,,,0,,,,,,,0,,,,,,,0,,,,,,,0,,,,,,,0,0,,19,,,,,,,19
3822385520430,丹こどもクリニック,タンコドモクリニック,丹こどもクリニック,タンコドモクリニック,TAN Kodomo Clinic,2,38,202,愛媛県今治市末広町３丁目４の１２,34.061528,133.005288,http://www.tankodomo.jp/,,,0,,,,0,,,,,,,,,,,,,,,,,,,,,,,,,,,,,,,,,,,,0,,0,0,0,0,,,,0
3822385520560,医療法人かとう耳鼻咽喉科,イリョウホウジンカトウジビインコウカ,かとう耳鼻科,カトウジビカ,Katou Jibika,2,38,202,愛媛県今治市常盤町７丁目１－１０,34.056445,132.990817,http://www.katou-jibika.com/,,,,,,,,,,,,,,,,,,,,,,,,,,,,,,,,,,,,,,,,,,,,,,,,,,,,
3822385520720,みぶ小児科,ミブショウニカ,みぶ小児科,ミブショウニカ,MibuSyounika,2,38,202,愛媛県今治市北宝来町三丁目１番２７号,34.065888,132.992872,http://mibu.babymilk.jp,,,,,,,,,,,,,,,,,,,,,,,,,,,,,,,,,,,,,,,,,,,,,0,0,,,,,,0
3822385521440,武田脳神経外科,タケダノウシンケイゲカ,武田脳神経外科,タケダノウシンケイゲカ,Takeda Neurosurgery,2,38,202,愛媛県今治市南高下町３丁目２の１０,34.049529,133.015038,www.takeda-cl.jp,1,1,1,1,1,1,0,,,,,,,,,,,,,,,,,,,,,,,,,,,,,,,,,,,,0,年末年始は12月28日まで診療。1月4日から診療開始です。GWはおおむね暦通り。お盆は8月15日休診します。,,,,,,,,
3822385521600,医療法人かいはらクリニック,カイハラクリニック,かいはらクリニック,カイハラクリニック,Kaihara Clinic,2,38,202,愛媛県今治市南高下町３丁目２－８,34.049724,133.014704,http://www.kaihara-clinic.jp/,,,,,,,0,,,,,,,,,,,,,,,,,,,,,,,,,,,,,,,,,,,,0,水曜日、土曜日午後休診,,,,,,,,
3822385522030,医療法人くろみつクリニック,イリョウホウジン　クロミツクリニック,くろみつクリニック,クロミツクリニック,Kuromitsu Clinic,2,38,202,愛媛県今治市郷新屋敷町　３－４－１１,34.041419,133.002511,http://www.kuromitsu-clinic.com,,,,,,,,,,,,,,,,,,,,,,,,,,,,,,,,,,,,,,,,,,,,,0,0,0,0,,,,0
3822385522160,医療法人まつうらバンビクリニック,イリョウホウジンマツウラバンビクリニック,まつうらバンビクリニック,マツウラバンビクリニック,Matsuura Bambi Clinic,2,38,202,愛媛県今治市北宝来町３－３－３４,34.066947,132.992247,http://bambi-clinic.com,,,,,,,,,,,,,,,,,,,,,,,,,,,,,,,,,,,,,,,,,,,,,,,,,,,,0
3822388552199,よりい眼科,ヨリイガンカ,よりい眼科,ヨリイガンカ,YORII GANKA,2,38,202,愛媛県今治市小泉四丁目１１番９号,34.046834,132.979679,http://www.yorii-eyeclinic.com,,,,,,,,,,,,,,,,,,,,,,,,,,,,,,,,,,,,,,,,,,,,,,,,,,,,0
3822388633102,ⅰクリニック内科・呼吸器内科,アイクリニックナイカ・コキュウキナイカ,ⅰクリニック,アイクリニック,i Clinic Internal Medicine and Radiology,2,38,202,愛媛県今治市郷新屋敷町３丁目１番３９号,34.041690,133.002005,http://iclinic-health.com,1,1,1,1,1,1,0,,,,,,,,,,,,,,,,,,,,,,,,,,,,,,,,,,,,0,,0,0,0,0,,,,0
3822388633113,Ｄクリニック,ディークリニック,Ｄクリニック,ディークリニック,D clinic,2,38,202,愛媛県今治市南大門町２丁目１番地２１,34.065954,132.995610,http://www.d-clinic-imabari.jp,,,,,,,,,,,,,,,,,,,,,,,,,,,,,,,,,,,,,,,,,,,,,0,0,0,0,,,,0
3822388633156,丹皮ふ科,タンヒフカ,丹皮ふ科,タンヒフカ,Tan Hifuka,2,38,202,愛媛県今治市末広町３丁目４番地１０,34.061233,133.005131,http://www.tanhifu.jp/,,,,,,,,,,,,,,,,,,,,,,,,,,,,,,,,,,,,,,,,,,,,,,,,,,,,
3822388633165,古国分診療所,フルコクブシンリョウジョ,古国分診療所,フルコクブシンリョウジョ,FURUKOKUBU CLINIC,2,38,202,愛媛県今治市古国分１丁目１３番２２号,34.027049,133.039638,,1,1,1,1,1,0,0,,,,,,,,,,,,,,,,,,,,,,,,,,,,,,,,,,,,0,,,,,,,,,
3822388633204,今治セントラルクリニック,イマバリセントラルクリニック,今治セントラルクリニック,イマバリセントラルクリニック,Imabari Central Clinic,2,38,202,愛媛県今治市松本町２丁目６番地６,34.063046,133.002825,https://imabari-central-clinic.jp,1,1,1,1,1,1,0,1,1,1,1,1,1,0,1,1,1,1,1,1,0,1,1,1,1,1,1,0,1,1,1,1,1,1,0,1,1,1,1,1,1,0,0,8/15 お盆休み（改行）12/31～1/3　年末年始休診,0,0,,,,,,0
3822388633205,井出内科,イデナイカ,井出内科,イデナイカ,Ide Clinic of internal medicine,2,38,202,愛媛県今治市常盤町７丁目３番６号,34.055665,132.987863,http://www.dokidoki.ne.jp/home1/idehosp/guide.html,,,,,,,0,1,1,1,1,1,1,0,1,1,1,1,1,0,0,1,1,1,1,1,1,0,1,1,1,1,1,0,0,1,1,1,1,1,1,0,0,お盆休み　8月16日,19,,,,,,,19
3822388633218,おちクリニック　内科・循環器内科,オチクリニック　ナイカ・ジュンカンキナイカ,おちクリニック　内科・循環器内科,オチクリニック　ナイカ・ジュンカンキナイカ,Ochi Clinic,2,38,202,愛媛県今治市馬越町一丁目２番２８号,34.054835,132.983951,https://clinic-ochi.com/,,,,,,,0,,,,,,,,,,,,,,,,,,,,,,,,,,,,,,,,,,,,0,,,,,,,,,
3822388633220,いまおか内科クリニック,イマオカナイカクリニック,いまおか内科クリニック,イマオカナイカクリニック,Imaoka Clinic,2,38,202,愛媛県今治市北高下町２丁目１番４８号,34.052526,133.011325,https://ima-cli2011.jimdofree.com,1,1,1,1,1,1,0,,,,,,,,,,,,,,,,,,,,,,,,,,,,,,,,,,,,0,,,,,,,,,
3822388633223,Ｇクリニック,ジークリニック,Ｇクリニック,ジークリニック,G clinic,2,38,202,愛媛県今治市中日吉町二丁目３番地２５,34.058382,132.989098,https://gclinic.or.jp/,,,,,,,,,,,,,,,,,,,,,,,,,,,,,,,,,,,,,,,,,,,,,0,0,0,0,,,,0
3822388633229,広瀬クリニック,ヒロセクリニック,広瀬クリニック,ヒロセクリニック,hirose clinic,2,38,202,愛媛県今治市拝志３番１号,34.042666,133.024982,http://hirose-youseikai.org/,,,,,,,0,,,,,,,0,,,,,,,0,,,,,,,0,,,,,,,0,,,,,,,0,1,祝日は、午前中のみ診療,,,,,,,,0
3822388633233,医療法人真尚会ひねのクリニック,イリョウホウジンシンショウカイヒネノクリニック,ひねのクリニック,ヒネノクリニック,Hineno Clinic,2,38,202,愛媛県今治市馬越町四丁目４番１号,34.054175,132.983297,,,,,,,,,,,,,,,,,,,,,,,,,,,,,,,,,,,,,,,,,,,,,,0,0,0,0,,,,0
3822388633242,コトハ今治ＰＶＰクリニック,コトハイマバリピーブイピークリニック,コトハ今治ＰＶＰクリニック,コトハイマバリピーブイピークリニック,kotoha imabari PVP Clinic,2,38,202,愛媛県今治市馬越町三丁目３番３０号,34.057744,132.980058,,,,,,,,,,,,,,,,,,,,,,,,,,,,,,,,,,,,,,,,,,,,,,0,0,0,0,,,,0
3822388633262,藤田クリニック,フジタクリニック,藤田クリニック,フジタクリニック,Fujitaclinic,2,38,202,愛媛県今治市桜井２丁目５番５０号,34.020474,133.037667,https://fujita.clinic/,,,,,,,,,,,,,,,,,,,,,,,,,,,,,,,,,,,,,,,,,,,,,0,0,0,0,,,,0
3822388633267,ひまわり眼科,ヒマワリガンカ,ひまわり眼科,ヒマワリガンカ,Himawari Clinic,2,38,202,愛媛県今治市にぎわい広場１番地１　イオンモール今治新都市２階,34.043780,132.962378,https://himawari-imabari.navi-clinic.jp/,0,0,1,1,1,1,1,,,,,,,,,,,,,,,,,,,,,,,,,,,,,,,,,,,,,,0,0,0,0,,,,0
3822388633277,Ｕクリニック,ユークリニック,Ｕクリニック,ユークリニック,Uclinic,2,38,202,愛媛県今治市南大門町一丁目６番地１８,34.065800,132.996294,https://u-clinic-imabari.jp/,,,,,,,,,,,,,,,,,,,,,,,,,,,,,,,,,,,,,,,,,,,,,0,,,,,,,0
3822388633285,医療法人　有津むらかみクリニック,イリョウホウジン　アロウヅムラカミクリニック,有津むらかみクリニック,アロウヅムラカミクリニック,ArouzuMrakami Clinic,2,38,202,愛媛県今治市伯方町有津甲２３３１番地,34.202586,133.092586,http://mura-clinic.byoinnavi.jp/,,,,,,,0,,,,,,,,,,,,,,,,,,,,,,,,,,,,,,,,,,,,0,,,,,,,,,
3822388633291,斎藤クリニック,サイトウクリニック,斎藤クリニック,サイトウクリニック,Saito Clinic,2,38,202,愛媛県今治市吉海町仁江１６－２,34.148936,133.044281,,1,1,1,1,1,1,0,,,,,,,,,,,,,,,,,,,,,,,,,,,,,,,,,,,,,,11,,11,,,,,11
